0,시도명,시군구명,시설명,상세주소,시설면적,경도,위도,구분,구분명
1,서울특별시,동작구,동작고등학교 운동장,서울특별시 동작구 솔밭로 51(사당동),3246,126.9655,37.482,1,지진실내구호소
2,서울특별시,동작구,동작초등학교 운동장,서울특별시 동작구 동작대로29길 214(사당동),2763,126.9768,37.494,1,지진실내구호소
3,서울특별시,도봉구,창림초등학교 운동장,서울특별시 도봉구 덕릉로63길 46(창동),2584,127.0417,37.6431,1,지진실내구호소
4,서울특별시,도봉구,창원초등학교 운동장,서울특별시 도봉구 해등로 103(창동),2704,127.0407,37.6521,1,지진실내구호소
5,서울특별시,도봉구,창일중학교 운동장,서울특별시 도봉구 노해로66길 60(창동),4800,127.0471,37.6484,1,지진실내구호소
6,서울특별시,도봉구,갈대밭어린이공원,서울특별시 도봉구 도봉동 625-123,433,127.0457,37.6743,1,지진실내구호소
7,서울특별시,도봉구,누원어린이공원,서울특별시 도봉구 도봉동 653,400,127.05,37.6803,1,지진실내구호소
8,서울특별시,도봉구,무수어린이공원,서울특별시 도봉구 도봉동 585-2,350,127.0426,37.6805,1,지진실내구호소
9,서울특별시,도봉구,무지개어린이공원,서울특별시 도봉구 도봉동 570-13,385,127.045,37.6856,1,지진실내구호소
10,서울특별시,도봉구,새동네어린이공원,서울특별시 도봉구 도봉동 289-5,670,127.0431,37.6889,1,지진실내구호소
11,서울특별시,도봉구,서원어린이공원,서울특별시 도봉구 도봉동 576-13,355,127.0432,37.6838,1,지진실내구호소
12,서울특별시,도봉구,해태어린이공원,서울특별시 도봉구 도봉동 614-37,458,127.0411,37.672,1,지진실내구호소
13,서울특별시,도봉구,누원고등학교 운동장,서울특별시 도봉구 마들로 849(도봉동),400,127.0506,37.6849,1,지진실내구호소
14,서울특별시,도봉구,도봉중학교 운동장,서울특별시 도봉구 마들로 671(도봉동),3184,127.0455,37.6701,1,지진실내구호소
15,서울특별시,도봉구,북서울중학교 운동장,서울특별시 도봉구 도봉로169가길 33(도봉동),2029,127.043,37.6811,1,지진실내구호소
16,서울특별시,도봉구,오봉초등학교 운동장,서울특별시 도봉구 시루봉로 285(도봉동),1704,127.0404,37.6714,1,지진실내구호소
17,서울특별시,노원구,한내근린공원,서울특별시 노원구 월계동 1-1,1740,127.0694,37.6221,1,지진실내구호소
18,서울특별시,노원구,광운전자공업고등학교 운동장,서울특별시 노원구 월계동 500-0,9540,127.0561,37.6201,1,지진실내구호소
19,서울특별시,노원구,녹천중학교 운동장,서울특별시 노원구 월계로 376(월계동),4670,127.0623,37.631,1,지진실내구호소
20,서울특별시,노원구,녹천초등학교 운동장,서울특별시 노원구 마들로3길 34(월계동),2740,127.0635,37.6284,1,지진실내구호소
21,서울특별시,노원구,선곡초등학교 운동장,서울특별시 노원구 월계동 446-0,3400,127.058,37.6183,1,지진실내구호소
22,서울특별시,노원구,신계초등학교 운동장,서울특별시 노원구 월계동 602-0,3470,127.0532,37.6298,1,지진실내구호소
23,서울특별시,노원구,신창중학교 운동장,서울특별시 노원구 월계로45길 92(월계동),2540,127.0479,37.6282,1,지진실내구호소
24,서울특별시,노원구,연지초등학교 운동장,서울특별시 노원구 월계로55길 48(월계동),2020,127.0597,37.6332,1,지진실내구호소
25,서울특별시,노원구,월계고등학교 운동장,서울특별시 노원구 초안산로5길 66(월계동),1760,127.0489,37.6314,1,지진실내구호소
26,서울특별시,노원구,월계중학교 운동장,서울특별시 노원구 월계로45가길 54(월계동),4360,127.0517,37.6302,1,지진실내구호소
27,서울특별시,노원구,월계초등학교 운동장,서울특별시 노원구 월계로45가길 10(월계동),3950,127.0508,37.6275,1,지진실내구호소
28,서울특별시,노원구,한천초등학교 운동장,서울특별시 노원구 마들로 45(월계동),4430,127.069,37.6201,1,지진실내구호소
29,서울특별시,노원구,공릉중학교 운동장,서울특별시 노원구 노원로1길 42(공릉동),4590,127.0841,37.6218,1,지진실내구호소
30,서울특별시,노원구,공릉초등학교 운동장,서울특별시 노원구 공릉동 610-1,4540,127.0744,37.6189,1,지진실내구호소
31,서울특별시,노원구,공연초등학교 운동장,서울특별시 노원구 동일로192가길 16(공릉동),3800,127.0744,37.6269,1,지진실내구호소
32,서울특별시,노원구,용원초등학교 운동장,서울특별시 노원구 섬밭로 144(공릉동),3490,127.0691,37.6289,1,지진실내구호소
33,서울특별시,노원구,태랑중학교 운동장,서울특별시 노원구 화랑로51나길 51(공릉동),4870,127.0917,37.6265,1,지진실내구호소
34,서울특별시,노원구,태랑초등학교 운동장,서울특별시 노원구 화랑로51나길 31(공릉동),2020,127.0909,37.6258,1,지진실내구호소
35,서울특별시,노원구,태릉초등학교 운동장,서울특별시 노원구 노원로1길 36(공릉동),4630,127.0849,37.6224,1,지진실내구호소
36,서울특별시,노원구,한천중학교 운동장,서울특별시 노원구 공릉로 265(공릉동),3580,127.0728,37.6309,1,지진실내구호소
37,서울특별시,노원구,중현어린이공원,서울특별시 노원구 하계동 272-1,3780,127.0655,37.6318,1,지진실내구호소
38,서울특별시,노원구,하계어린이공원,서울특별시 노원구 하계동 273-3,1150,127.069,37.6322,1,지진실내구호소
39,서울특별시,노원구,경기기계공업고등학교 운동장,서울특별시 노원구 하계동 78-0,12900,127.0746,37.6314,1,지진실내구호소
40,서울특별시,노원구,불암중학교 운동장,서울특별시 노원구 한글비석로5길 45(하계동),3680,127.0738,37.6455,1,지진실내구호소
41,서울특별시,노원구,연촌초등학교 운동장,서울특별시 노원구 공릉로58길 36(하계동),3680,127.0731,37.6345,1,지진실내구호소
42,서울특별시,노원구,중평중학교 운동장,서울특별시 노원구 동일로203길 87(하계동),2870,127.0624,37.6366,1,지진실내구호소
43,서울특별시,노원구,중평초등학교 운동장,서울특별시 노원구 섬밭로 241(하계동),2660,127.0642,37.6372,1,지진실내구호소
44,서울특별시,노원구,중현초등학교 운동장,서울특별시 노원구 섬밭로 181(하계동),3220,127.0666,37.6319,1,지진실내구호소
45,서울특별시,노원구,하계중학교 운동장,서울특별시 노원구 노원로 261-8 (하계동),4890,127.0715,37.6407,1,지진실내구호소
46,서울특별시,노원구,혜성여자고등학교 운동장,서울특별시 노원구 하계동 산16-38,8880,127.074,37.6412,1,지진실내구호소
47,서울특별시,노원구,갈울근린공원,서울특별시 노원구 상계동 644-0,3200,127.061,37.6668,1,지진실내구호소
48,서울특별시,노원구,상계근린공원,서울특별시 노원구 상계동 620-0,4860,127.0508,37.6697,1,지진실내구호소
49,서울특별시,노원구,온수근린공원,서울특별시 노원구 상계동 686-0,550,127.0637,37.6609,1,지진실내구호소
50,서울특별시,노원구,계상초등학교 운동장,서울특별시 노원구 한글비석로41가길 24(상계동),4270,127.0676,37.663,1,지진실내구호소
51,서울특별시,노원구,노원고등학교 운동장,서울특별시 노원구 노원로 586(상계동),2930,127.0533,37.6622,1,지진실내구호소
52,서울특별시,노원구,노원중학교 운동장,서울특별시 노원구 동일로213길 26(상계동),2540,127.0598,37.649,1,지진실내구호소
53,서울특별시,노원구,노원초등학교 운동장,서울특별시 노원구 동일로230나길 32(상계동),4010,127.0582,37.6728,1,지진실내구호소
54,서울특별시,노원구,노일중학교 운동장,서울특별시 노원구 동일로231길 24(상계동),4580,127.0539,37.6728,1,지진실내구호소
55,서울특별시,노원구,노일초등학교 운동장,서울특별시 노원구 동일로 1625(상계동),2360,127.0547,37.673,1,지진실내구호소
56,서울특별시,노원구,당현초등학교 운동장,서울특별시 노원구 동일로213길 52(상계동),3580,127.0583,37.6485,1,지진실내구호소
57,서울특별시,노원구,덕암초등학교 운동장,서울특별시 노원구 상계동 1274-0,1790,127.0808,37.6663,1,지진실내구호소
58,서울특별시,노원구,동일초등학교 운동장,서울특별시 노원구 한글비석로 566(상계동),2380,127.0546,37.6648,1,지진실내구호소
59,서울특별시,노원구,상경중학교 운동장,서울특별시 노원구 동일로227길 61(상계동),3530,127.0535,37.6664,1,지진실내구호소
60,서울특별시,노원구,상경초등학교 운동장,서울특별시 노원구 수락산로 237(상계동),2660,127.0517,37.6701,1,지진실내구호소
61,서울특별시,노원구,상계중학교 운동장,서울특별시 노원구 상계동 195-5,7190,127.0689,37.6518,1,지진실내구호소
62,서울특별시,노원구,상계초등학교 운동장,서울특별시 노원구 상계동 402-1,1830,127.0659,37.659,1,지진실내구호소
63,서울특별시,노원구,상곡초등학교 운동장,서울특별시 노원구 노원로38길 34(상계동),2640,127.0623,37.6623,1,지진실내구호소
64,서울특별시,노원구,상수초등학교 운동장,서울특별시 노원구 동일로216길 66(상계동),2230,127.0648,37.6514,1,지진실내구호소
65,서울특별시,노원구,상원중학교 운동장,서울특별시 노원구 수락산로 182(상계동),2180,127.0594,37.6712,1,지진실내구호소
66,서울특별시,노원구,상원초등학교 운동장,서울특별시 노원구 한글비석로54길 119(상계동),3970,127.0602,37.6676,1,지진실내구호소
67,서울특별시,노원구,상월초등학교 운동장,서울특별시 노원구 동일로221길 27(상계동),4330,127.0572,37.6582,1,지진실내구호소
68,서울특별시,노원구,상천초등학교 운동장,서울특별시 노원구 덕릉로 443(상계동),3500,127.0578,37.6459,1,지진실내구호소
69,서울특별시,노원구,수락중학교 운동장,서울특별시 노원구 동일로 1729(상계동),4030,127.0545,37.6826,1,지진실내구호소
70,서울특별시,노원구,수락초등학교 운동장,서울특별시 노원구 동일로 1745(상계동),4930,127.0545,37.6837,1,지진실내구호소
71,서울특별시,노원구,신상계초등학교 운동장,서울특별시 노원구 상계로 267(상계동),2560,127.0761,37.6677,1,지진실내구호소
72,서울특별시,노원구,신상중학교 운동장,서울특별시 노원구 동일로216길 42(상계동),4220,127.0635,37.6511,1,지진실내구호소
73,서울특별시,노원구,온곡중학교 운동장,서울특별시 노원구 노원로 492(상계동),7090,127.0646,37.66,1,지진실내구호소
74,서울특별시,노원구,온곡초등학교 운동장,서울특별시 노원구 한글비석로52길 59(상계동),1580,127.0661,37.6673,1,지진실내구호소
75,서울특별시,노원구,용화여자고등학교 운동장,서울특별시 노원구 동일로 1461(상계동),3370,127.0585,37.6587,1,지진실내구호소
76,서울특별시,노원구,청원초등학교 운동장,서울특별시 노원구 한글비석로 506(상계동),3140,127.0613,37.6657,1,지진실내구호소
77,서울특별시,노원구,불암고등학교 운동장,서울특별시 노원구 중계로 155(중계동),3220,127.0801,37.6484,1,지진실내구호소
78,서울특별시,노원구,불암초등학교 운동장,서울특별시 노원구 중계로 178(중계동),2590,127.0801,37.651,1,지진실내구호소
79,서울특별시,노원구,상계제일중학교 운동장,서울특별시 노원구 중계동 132-0,3470,127.0773,37.6611,1,지진실내구호소
80,서울특별시,노원구,상명초등학교 운동장,서울특별시 노원구 덕릉로 541(중계동),1700,127.0675,37.6482,1,지진실내구호소
81,서울특별시,노원구,서라벌고등학교운동장,서울특별시 노원구 한글비석로5길 18(중계동),5010,127.0752,37.6451,1,지진실내구호소
82,서울특별시,노원구,수암초등학교 운동장,서울특별시 노원구 중계로12길 9(중계동),2700,127.0819,37.6477,1,지진실내구호소
83,서울특별시,노원구,영신여자고등학교 운동장,서울특별시 노원구 중계로16나길 13(중계동),2970,127.0829,37.652,1,지진실내구호소
84,서울특별시,노원구,용동초등학교 운동장,서울특별시 노원구 한글비석로1길 81-11 (중계동),3270,127.0694,37.6414,1,지진실내구호소
85,서울특별시,노원구,원광초등학교 운동장,서울특별시 노원구 중계동 359-0,2280,127.0748,37.6537,1,지진실내구호소
86,서울특별시,노원구,을지중학교 운동장,서울특별시 노원구 덕릉로 580(중계동),2950,127.0721,37.6501,1,지진실내구호소
87,서울특별시,노원구,을지초등학교 운동장,서울특별시 노원구 중계로 239(중계동),2910,127.0725,37.6506,1,지진실내구호소
88,서울특별시,종로구,경기상업고등학교 운동장,서울특별시 종로구 자하문로 136(청운동),10629,126.97,37.5881,1,지진실내구호소
89,서울특별시,종로구,경복고등학교 운동장,서울특별시 종로구 자하문로28가길 9(청운동),11577,126.9706,37.587,1,지진실내구호소
90,서울특별시,종로구,청운중학교 운동장,서울특별시 종로구 창의문로 51(청운동),4133,126.9709,37.5887,1,지진실내구호소
91,서울특별시,종로구,청운초등학교 운동장,서울특별시 종로구 자하문로 105(청운동),1993,126.9696,37.5855,1,지진실내구호소
92,서울특별시,종로구,서울농학교 운동장,서울특별시 종로구 필운대로 103(신교동),4144,126.9691,37.5844,1,지진실내구호소
93,서울특별시,종로구,매동초등학교 운동장,서울특별시 종로구 사직로9길 19(필운동),2593,126.9668,37.5772,1,지진실내구호소
94,서울특별시,종로구,배화여자고등학교 운동장,서울특별시 종로구 필운대로1길 34(필운동),2432,126.9677,37.5783,1,지진실내구호소
95,서울특별시,종로구,사직공원,서울특별시 종로구 사직로 89(사직동),26523,126.9683,37.5758,1,지진실내구호소
96,서울특별시,종로구,내수1근린공원,서울특별시 종로구 내수동 71-2,2703,126.9705,37.5735,1,지진실내구호소
97,서울특별시,종로구,내수2근린공원,서울특별시 종로구 내수동 73-3,2310,126.9716,37.5723,1,지진실내구호소
98,서울특별시,성북구,길음중학교 운동장,서울특별시 성북구 길음로 144(길음동),2062,127.0183,37.6136,1,지진실내구호소
99,서울특별시,성북구,길음초등학교 운동장,서울특별시 성북구 길음동 635-7,3479,127.017,37.6131,1,지진실내구호소
100,서울특별시,성북구,미아초등학교 운동장,서울특별시 성북구 길음동 1168-0,4310,127.0219,37.6102,1,지진실내구호소
101,서울특별시,성북구,종암 5-1 어린이 공원,서울특별시 성북구 종암동 134-3,1965,127.0366,37.5996,1,지진실내구호소
102,서울특별시,성북구,서울대학교 사범대학 부설 고등학교 운동장,서울특별시 성북구 월곡로 6(종암동),12736,127.0378,37.5927,1,지진실내구호소
103,서울특별시,성북구,서울대학교 사범대학 부설 중학교 운동장,서울특별시 성북구 월곡로 36(종암동),18452,127.0389,37.5958,1,지진실내구호소
104,서울특별시,성북구,서울일신초등학교 운동장,서울특별시 성북구 월곡로 74(종암동),2360,127.0401,37.5991,1,지진실내구호소
105,서울특별시,성북구,숭례초등학교 운동장,서울특별시 성북구 종암동 22-1,3968,127.035,37.5948,1,지진실내구호소
106,서울특별시,성북구,종암중학교 운동장,서울특별시 성북구 종암동 32-3,3676,127.0323,37.5928,1,지진실내구호소
107,서울특별시,성북구,월곡인조잔디구장,서울특별시 성북구 화랑로13길 144(하월곡동),17309,127.0423,37.6086,1,지진실내구호소
108,서울특별시,성북구,오동공원 놀이마당,서울특별시 성북구 하월곡동 228-4,10034,127.0393,37.6092,1,지진실내구호소
109,서울특별시,성북구,도시공단 주차장,서울특별시 성북구 하월곡동 226-4,1453,127.0411,37.6003,1,지진실내구호소
110,서울특별시,성북구,서울도시과학기술고등학교 운동장,서울특별시 성북구 하월곡동 90-1,6398,127.0316,37.6071,1,지진실내구호소
111,서울특별시,성북구,숭곡중학교 운동장,서울특별시 성북구 종암로 208(하월곡동),2789,127.0316,37.608,1,지진실내구호소
112,서울특별시,성북구,숭곡초등학교 운동장,서울특별시 성북구 하월곡동 84-86,4106,127.0323,37.6084,1,지진실내구호소
113,서울특별시,성북구,숭인초등학교 운동장,서울특별시 성북구 하월곡동 222-4,2042,127.0388,37.6089,1,지진실내구호소
114,서울특별시,성북구,월곡중학교 운동장,서울특별시 성북구 상월곡동 35-1,2308,127.0481,37.6065,1,지진실내구호소
115,서울특별시,성북구,상길례 근린공원,"서울특별시 성북구 돌곶이로 220(장위동, 꿈의숲코오롱하늘채아파트)",4281,127.0453,37.6196,1,지진실내구호소
116,서울특별시,성북구,광운초등학교 운동장,서울특별시 성북구 장위동 128-0,4464,127.0546,37.6188,1,지진실내구호소
117,서울특별시,성북구,남대문중학교 운동장,서울특별시 성북구 한천로 660-30 (장위동),2734,127.0556,37.6183,1,지진실내구호소
118,서울특별시,성북구,월곡초등학교 운동장,서울특별시 성북구 장위동 246-194,4327,127.046,37.6097,1,지진실내구호소
119,서울특별시,성북구,장곡초등학교 운동장,서울특별시 성북구 장위동 235-0,2084,127.0481,37.6165,1,지진실내구호소
120,서울특별시,성북구,장월초등학교 운동장,서울특별시 성북구 장위동 316-0,1452,127.0468,37.622,1,지진실내구호소
121,서울특별시,성북구,장위중학교 운동장,서울특별시 성북구 장위동 231-623,2911,127.0409,37.6116,1,지진실내구호소
122,서울특별시,성북구,장위초등학교 운동장,서울특별시 성북구 장위동 68-8,3462,127.05,37.6116,1,지진실내구호소
123,서울특별시,성북구,의릉 주차장,서울특별시 성북구 석관동 333-1,1171,127.0585,37.6048,1,지진실내구호소
124,서울특별시,성북구,석계초등학교 운동장,서울특별시 성북구 석관동 27-3,2890,127.0696,37.608,1,지진실내구호소
125,서울특별시,성북구,석관고등학교 운동장,서울특별시 성북구 석관동 77-1,6064,127.0666,37.6089,1,지진실내구호소
126,서울특별시,성북구,석관중학교 운동장,서울특별시 성북구 석관동 88-2,4760,127.0665,37.6076,1,지진실내구호소
127,서울특별시,성북구,석관초등학교 운동장,서울특별시 성북구 석관동 205-0,2434,127.0589,37.6107,1,지진실내구호소
128,서울특별시,강북구,고갯마루공원,서울특별시 강북구 미아동 811-13,2185,127.0169,37.6164,1,지진실내구호소
129,서울특별시,강북구,구세군길 마을마당,서울특별시 강북구 미아동 791-1343,524,127.0147,37.6267,1,지진실내구호소
130,서울특별시,강북구,늘푸른공원,서울특별시 강북구 미아동 797-9,646,127.0196,37.6254,1,지진실내구호소
131,서울특별시,강북구,벽오산어린이공원,서울특별시 강북구 미아동 258-56,1250,127.0302,37.6276,1,지진실내구호소
132,서울특별시,강북구,세일어린이공원,서울특별시 강북구 미아동 162-1,849,127.0252,37.6335,1,지진실내구호소
133,서울특별시,강북구,솔샘어린이공원,서울특별시 강북구 솔샘로65길 19(미아동),1264.1,127.027,37.6181,1,지진실내구호소
134,서울특별시,강북구,송월어린이공원,서울특별시 강북구 미아동 89-6,807,127.0321,37.6161,1,지진실내구호소
135,서울특별시,강북구,오패어린이공원,서울특별시 강북구 미아동 258-236,993,127.0323,37.6223,1,지진실내구호소
136,서울특별시,강북구,운산어린이공원,서울특별시 강북구 미아동 165-3,995,127.0255,37.632,1,지진실내구호소
137,서울특별시,강북구,응달마루공원,서울특별시 강북구 미아동 860-116,866,127.0243,37.6182,1,지진실내구호소
138,서울특별시,강북구,청암어린이공원,서울특별시 강북구 미아동 776-17,579,127.0171,37.6241,1,지진실내구호소
139,서울특별시,강북구,체류지 마을마당(미아마을마당),서울특별시 강북구 오현로6길 106(미아동),1158,127.0329,37.6119,1,지진실내구호소
140,서울특별시,강북구,하늘어린이공원,서울특별시 강북구 미아동 791-3853,3268,127.0129,37.6245,1,지진실내구호소
141,서울특별시,강북구,한빛어린이공원,서울특별시 강북구 미아동 222-20,1055,127.0228,37.6277,1,지진실내구호소
142,서울특별시,강북구,미양초등학교 운동장,서울특별시 강북구 솔샘로 195(미아동),2660,127.0137,37.6208,1,지진실내구호소
143,서울특별시,강북구,삼각산고등학교 운동장,서울특별시 강북구 삼양로19길 40(미아동),1572,127.0204,37.6156,1,지진실내구호소
144,서울특별시,강북구,삼양초등학교 운동장,서울특별시 강북구 삼양로49길 17(미아동),3315,127.0167,37.6234,1,지진실내구호소
145,서울특별시,강북구,송중초등학교운동장,서울특별시 강북구 오현로 9(미아동),2495,127.0316,37.6168,1,지진실내구호소
146,서울특별시,강북구,영훈고등학교운동장,서울특별시 강북구 도봉로13가길 19(미아동),4975,127.0279,37.6139,1,지진실내구호소
147,서울특별시,강북구,창문여자고등학교운동장,서울특별시 강북구 월계로 61(미아동),2324,127.0366,37.6129,1,지진실내구호소
148,서울특별시,강북구,화계초등학교운동장,서울특별시 강북구 솔매로50가길 25(미아동),2135,127.0291,37.6238,1,지진실내구호소
149,서울특별시,강북구,강북구민운동장,서울특별시 강북구 오현로 187-25 (번동),6514,127.0372,37.6293,1,지진실내구호소
150,서울특별시,강북구,논골어린이공원,서울특별시 강북구 덕릉로41길 92(번동),845,127.028,37.6383,1,지진실내구호소
151,서울특별시,강북구,번남어린이공원,서울특별시 강북구 번동 447-1,1003,127.0249,37.6357,1,지진실내구호소
152,서울특별시,강북구,벌리어린이공원,서울특별시 강북구 번동 240,4083.5,127.0444,37.6275,1,지진실내구호소
153,서울특별시,강북구,벌말어린이공원,서울특별시 강북구 번동 235,4840,127.0398,37.6297,1,지진실내구호소
154,서울특별시,강북구,샛강어린이공원,서울특별시 강북구 번동 472-39,634,127.0329,37.6393,1,지진실내구호소
155,서울특별시,강북구,오얏골공원,서울특별시 강북구 번동 228,5070,127.0342,37.634,1,지진실내구호소
156,서울특별시,강북구,오현어린이공원,"서울특별시 강북구 한천로105길 23(번동, 번동1단지주공아파트)",3661,127.0464,37.6237,1,지진실내구호소
157,서울특별시,강북구,번동중학교운동장,서울특별시 강북구 오현로35길 87(번동),4356,127.0368,37.6321,1,지진실내구호소
158,서울특별시,강북구,번동초등학교운동장,서울특별시 강북구 오현로 204(번동),3329,127.0407,37.6289,1,지진실내구호소
159,서울특별시,강북구,수송중학교운동장,서울특별시 강북구 번동 456-1,4071,127.0333,37.6362,1,지진실내구호소
160,서울특별시,강북구,수송초등학교 운동장,서울특별시 강북구 한천로124길 14(번동),1005,127.0326,37.6367,1,지진실내구호소
161,서울특별시,강북구,오현초등학교운동장,서울특별시 강북구 월계로 221(번동),4045,127.0468,37.6231,1,지진실내구호소
162,서울특별시,강북구,보등골어린이공원,서울특별시 강북구 수유동 605-209,888,127.0183,37.635,1,지진실내구호소
163,서울특별시,강북구,상산어린이공원(플라터너스어린이공원),서울특별시 강북구 노해로8길 23(수유동),1006,127.0238,37.6383,1,지진실내구호소
164,서울특별시,강북구,새싹어린이공원,서울특별시 강북구 수유동 134-40,644,127.0195,37.6361,1,지진실내구호소
165,서울특별시,강북구,색동어린이공원,서울특별시 강북구 삼양로80나길 52(수유동),2172,127.0206,37.6331,1,지진실내구호소
166,서울특별시,강북구,소귀어린이공원,서울특별시 강북구 수유동 25-1,881,127.0186,37.6385,1,지진실내구호소
167,서울특별시,강북구,수유일공원(삼각산공원),서울특별시 강북구 수유동 605-389,2459,127.0171,37.6304,1,지진실내구호소
168,서울특별시,강북구,은모루어린이공원,서울특별시 강북구 도봉로95길 48(수유동),918,127.0268,37.6423,1,지진실내구호소
169,서울특별시,강북구,푸른공원,서울특별시 강북구 수유동 516-44,995,127.0084,37.6384,1,지진실내구호소
170,서울특별시,강북구,희망어린이공원(미루나무어린이공원),서울특별시 강북구 수유동 193-1,841,127.0244,37.6405,1,지진실내구호소
171,서울특별시,강북구,흰구름공원(수유2동근린공원),서울특별시 강북구 노해로23길 58(수유동),1092,127.0204,37.6457,1,지진실내구호소
172,서울특별시,강북구,강북중학교운동장,서울특별시 강북구 한천로150길 67(수유동),3312,127.0259,37.6447,1,지진실내구호소
173,서울특별시,강북구,서울인수초등학교운동장,서울특별시 강북구 인수봉로 269(수유동),1562,127.0102,37.6426,1,지진실내구호소
174,서울특별시,강북구,우이초등학교 운동장,서울특별시 강북구 삼양로99길 36(수유동),1105,127.0143,37.6383,1,지진실내구호소
175,서울특별시,강북구,혜화여자고등학교 운동장,서울특별시 강북구 인수봉로 127(수유동),2951,127.0131,37.6306,1,지진실내구호소
176,서울특별시,강북구,솔밭(근린)공원,서울특별시 강북구 삼양로 561(우이동),37911,127.0121,37.6521,1,지진실내구호소
177,서울특별시,강북구,강북구견인차량보관소(우이동 교통광장),서울특별시 강북구 우이동 산99-2,2395,127.0127,37.6635,1,지진실내구호소
178,서울특별시,강북구,우이제일교회 공터,서울특별시 강북구 삼양로163길 74(우이동),670,127.0098,37.6596,1,지진실내구호소
179,서울특별시,도봉구,도봉우체국 공개공지 휴게공원,서울특별시 도봉구 노해로 150(쌍문동),250,127.0268,37.6472,1,지진실내구호소
180,서울특별시,도봉구,덕성여자대학교 운동장,서울특별시 도봉구 삼양로144길 33(쌍문동),17434,127.0175,37.6499,1,지진실내구호소
181,서울특별시,도봉구,동북초등학교 운동장,서울특별시 도봉구 시루봉로 53(쌍문동),700,127.0262,37.6549,1,지진실내구호소
182,서울특별시,도봉구,백운중학교 운동장,서울특별시 도봉구 도봉로129길 50(쌍문동),1904,127.0359,37.6558,1,지진실내구호소
183,서울특별시,도봉구,신도봉중학교 운동장,서울특별시 도봉구 도봉로115길 16(쌍문동),3055,127.0333,37.6492,1,지진실내구호소
184,서울특별시,도봉구,쌍문초등학교 운동장,서울특별시 도봉구 우이천로 360(쌍문동),1420,127.0242,37.6486,1,지진실내구호소
185,서울특별시,도봉구,효문고등학교 운동장,서울특별시 도봉구 우이천로 432(쌍문동),2319,127.0177,37.6525,1,지진실내구호소
186,서울특별시,도봉구,개나리어린이공원,서울특별시 도봉구 방학동 638-12,372,127.0371,37.6673,1,지진실내구호소
187,서울특별시,도봉구,무궁화어린이공원,서울특별시 도봉구 방학동 655-31,479,127.0421,37.6678,1,지진실내구호소
188,서울특별시,도봉구,방학3동가로공원,서울특별시 도봉구 방학동 443,363,127.0275,37.6634,1,지진실내구호소
189,서울특별시,도봉구,사슴어린이공원,서울특별시 도봉구 방학동 681-13,466,127.0417,37.6644,1,지진실내구호소
190,서울특별시,도봉구,샘말어린이공원,서울특별시 도봉구 방학동 611-5,400,127.0315,37.6684,1,지진실내구호소
191,서울특별시,도봉구,생잇들어린이공원,서울특별시 도봉구 방학동 644-28,729,127.0391,37.6689,1,지진실내구호소
192,서울특별시,도봉구,소망어린이공원,서울특별시 도봉구 방학동 694-9,570,127.0369,37.6635,1,지진실내구호소
193,서울특별시,도봉구,원당샘공원,서울특별시 도봉구 해등로32가길 16(방학동),2150,127.0222,37.6608,1,지진실내구호소
194,서울특별시,도봉구,문화고등학교 운동장,서울특별시 도봉구 마들로 598(방학동),6777,127.0476,37.6632,1,지진실내구호소
195,서울특별시,종로구,운현초등학교 운동장,서울특별시 종로구 삼일대로 460(운니동),2300,126.9883,37.5757,1,지진실내구호소
196,서울특별시,종로구,교동초등학교 운동장,서울특별시 종로구 삼일대로 446(경운동),2600,126.9876,37.5747,1,지진실내구호소
197,서울특별시,종로구,탑골공원,서울특별시 종로구 종로 99(종로2가),9300,126.9882,37.5713,1,지진실내구호소
198,서울특별시,종로구,삼청공원,서울특별시 종로구 북촌로 134-1 (삼청동),378440,126.9839,37.5879,1,지진실내구호소
199,서울특별시,종로구,덕성여자고등학교 운동장,서울특별시 종로구 안국동 34,3560,126.9826,37.5779,1,지진실내구호소
200,서울특별시,종로구,덕성여자중학교 운동장,서울특별시 종로구 율곡로3길 49(송현동),2560,126.9821,37.5778,1,지진실내구호소
201,서울특별시,종로구,재동초등학교 운동장,서울특별시 종로구 북촌로4길 7(가회동),3357,126.9855,37.5795,1,지진실내구호소
202,서울특별시,종로구,대동세무고등학교 운동장,서울특별시 종로구 계동길 84-10 (계동),4257,126.9878,37.5811,1,지진실내구호소
203,서울특별시,종로구,중앙고등학교 운동장,서울특별시 종로구 창덕궁길 164(계동),10218,126.9869,37.5854,1,지진실내구호소
204,서울특별시,종로구,원서공원,서울특별시 종로구 원서동 206-4,767,126.9885,37.5782,1,지진실내구호소
205,서울특별시,종로구,연지공원,서울특별시 종로구 연지동 1-38,7895,127.0007,37.5757,1,지진실내구호소
206,서울특별시,종로구,효제초등학교 운동장,서울특별시 종로구 대학로 12(효제동),5794,127.003,37.5726,1,지진실내구호소
207,서울특별시,종로구,동대문성곽공원(흥인지문공원),서울특별시 종로구 종로6가 70,9400,127.0088,37.5719,1,지진실내구호소
208,서울특별시,종로구,서울사대부설여자중학교 운동장,서울특별시 종로구 대학로 64(이화동),4476,127.0034,37.5774,1,지진실내구호소
209,서울특별시,종로구,낙산공원,서울특별시 종로구 낙산1길 28-18 (동숭동),577,127.0067,37.5798,1,지진실내구호소
210,서울특별시,종로구,올림픽기념국민생활관,서울특별시 종로구 성균관로 91(혜화동),1402,126.9988,37.5901,1,지진실내구호소
211,서울특별시,종로구,명륜공원,서울특별시 종로구 혜화로9길 24-9 (명륜1가),1025,126.998,37.588,1,지진실내구호소
212,서울특별시,종로구,와룡공원,서울특별시 종로구 와룡공원길 192(명륜3가),1200,126.99,37.591,1,지진실내구호소
213,서울특별시,종로구,지봉골공원,서울특별시 종로구 지봉로 97(창신동),1312,127.0147,37.5787,1,지진실내구호소
214,서울특별시,종로구,창신어린이공원,서울특별시 종로구 창신동 23-362,691,127.0129,37.578,1,지진실내구호소
215,서울특별시,종로구,명신초등학교 운동장,서울특별시 종로구 낙산길 250(창신동),2857,127.0143,37.5816,1,지진실내구호소
216,서울특별시,종로구,창신초등학교 운동장,서울특별시 종로구 지봉로 73(창신동),2123,127.015,37.5763,1,지진실내구호소
217,서울특별시,종로구,숭인(근린)공원,서울특별시 종로구 동망산길 150(숭인동),34047,127.0178,37.5765,1,지진실내구호소
218,서울특별시,종로구,종로산업정보학교 운동장,서울특별시 종로구 숭인동 242,1910,127.0172,37.5717,1,지진실내구호소
219,서울특별시,종로구,월암근린공원,서울특별시 종로구 송월동 산1-44,12000,126.9657,37.5709,1,지진실내구호소
220,서울특별시,종로구,대신고등학교 운동장,서울특별시 종로구 행촌동 171-1,4424,126.9617,37.573,1,지진실내구호소
221,서울특별시,종로구,감나무골공원,서울특별시 종로구 평창동 495-4,2507,126.9703,37.6127,1,지진실내구호소
222,서울특별시,종로구,참샘골공원,서울특별시 종로구 평창동 470,2585,126.9746,37.6151,1,지진실내구호소
223,서울특별시,종로구,평창공원,서울특별시 종로구 평창동 478,913,126.9778,37.6105,1,지진실내구호소
224,서울특별시,종로구,후창공원,서울특별시 종로구 평창문화로 70(평창동),1651,126.9645,37.6101,1,지진실내구호소
225,서울특별시,종로구,서울예술고등학교 운동장,서울특별시 종로구 평창동 217-0,4725,126.9696,37.6054,1,지진실내구호소
226,서울특별시,종로구,상명대학교사범대학 부속초등학교 운동장,서울특별시 종로구 홍지문2길 20(홍지동),1340,126.9565,37.6006,1,지진실내구호소
227,서울특별시,종로구,상명대학교사범대학부속여자중고등학교 운동장,서울특별시 종로구 홍지문길 9-1 (홍지동),5053,126.9537,37.6035,1,지진실내구호소
228,서울특별시,종로구,세검정초등학교 운동장,서울특별시 종로구 세검정로9길 1(신영동),1735,126.9609,37.6027,1,지진실내구호소
229,서울특별시,종로구,무악어린이공원,서울특별시 종로구 무악동 산2-83,4953,126.9606,37.5775,1,지진실내구호소
230,서울특별시,중구,남산초등학교 운동장,서울특별시 중구 퇴계로22길 17(남산동2가),1148,126.9862,37.5602,1,지진실내구호소
231,서울특별시,중구,덕수중학교 운동장,서울특별시 중구 마른내로9길 10(인현동2가),5685,126.9971,37.565,1,지진실내구호소
232,서울특별시,중구,장충단공원,서울특별시 중구 동호로 261(장충동2가),32651,127.0043,37.5577,1,지진실내구호소
233,서울특별시,중구,충무초등학교 운동장,서울특별시 중구 퇴계로50길 13(장충동2가),3863,127.0018,37.5622,1,지진실내구호소
234,서울특별시,중구,광희초등학교 운동장,서울특별시 중구 다산로 269(신당동),4499,127.0151,37.5671,1,지진실내구호소
235,서울특별시,중구,금호여자중학교 운동장,서울특별시 중구 청구로 6(신당동),3967,127.0203,37.5584,1,지진실내구호소
236,서울특별시,중구,성동고등학교 운동장,서울특별시 중구 퇴계로90길 17(신당동),3670,127.0224,37.5637,1,지진실내구호소
237,서울특별시,중구,성동글로벌경영고등학교 운동장,서울특별시 중구 퇴계로 375(신당동),3002,127.0131,37.5655,1,지진실내구호소
238,서울특별시,중구,장충초등학교 운동장,서울특별시 중구 청구로17길 40(신당동),3123,127.0111,37.5595,1,지진실내구호소
239,서울특별시,중구,청구초등학교 운동장,서울특별시 중구 다산로 170(신당동),5835,127.0138,37.5583,1,지진실내구호소
240,서울특별시,중구,한양공업고등학교 운동장,서울특별시 중구 을지로 299(신당동),2601,127.0117,37.5656,1,지진실내구호소
241,서울특별시,중구,흥인초등학교 운동장,서울특별시 중구 청구로6길 11(신당동),1339,127.0142,37.5603,1,지진실내구호소
242,서울특별시,중구,성동공업고등학교 운동장,서울특별시 중구 다산로 290(흥인동),3670,127.0164,37.5687,1,지진실내구호소
243,서울특별시,중구,덕수초등학교 운동장,서울특별시 중구 덕수궁길 140(정동),2536,126.9747,37.5689,1,지진실내구호소
244,서울특별시,중구,창덕여자중학교 운동장,서울특별시 중구 정동길 22(정동),5969,126.9695,37.5665,1,지진실내구호소
245,서울특별시,중구,서울의료보건고등학교(경기여자상업고등학교) 운동장,서울특별시 중구 만리재로37길 30(만리동1가),788,126.9667,37.5569,1,지진실내구호소
246,서울특별시,중구,손기정체육공원,서울특별시 중구 손기정로 101-4 (만리동2가),4244,126.966,37.5563,1,지진실내구호소
247,서울특별시,중구,봉래초등학교 운동장,서울특별시 중구 손기정로 73(만리동2가),2436,126.964,37.5562,1,지진실내구호소
248,서울특별시,용산구,새나라어린이공원,서울특별시 용산구 후암로13가길 25(후암동),415,126.9764,37.548,1,지진실내구호소
249,서울특별시,용산구,삼광초등학교 운동장,서울특별시 용산구 두텁바위로1나길 19(후암동),662,126.9766,37.5468,1,지진실내구호소
250,서울특별시,용산구,후암초등학교 운동장,서울특별시 용산구 후암동 339-1,3381,126.9818,37.5508,1,지진실내구호소
251,서울특별시,용산구,보성여중고등학교 운동장,서울특별시 용산구 용산동2가 1-1123,3253,126.9844,37.5427,1,지진실내구호소
252,서울특별시,용산구,용산고등학교 운동장,서울특별시 용산구 두텁바위로 60(용산동2가),6430,126.9804,37.5449,1,지진실내구호소
253,서울특별시,용산구,용암초등학교 운동장,서울특별시 용산구 녹사평대로60길 39(용산동2가),3141,126.9892,37.5448,1,지진실내구호소
254,서울특별시,용산구,두텁바위공원,서울특별시 용산구 동자동 50,668,126.9729,37.552,1,지진실내구호소
255,서울특별시,용산구,새꿈어린이공원,서울특별시 용산구 동자동 8-1,1594,126.9742,37.5524,1,지진실내구호소
256,서울특별시,용산구,청파어린이공원,서울특별시 용산구 서계동 226-3,2000,126.9682,37.5536,1,지진실내구호소
257,서울특별시,용산구,청파초등학교 운동장,서울특별시 용산구 청파동2가 1-42,4220,126.9641,37.5473,1,지진실내구호소
258,서울특별시,용산구,돌모루어린이공원,서울특별시 용산구 원효로97길 50(청파동3가),1900,126.9685,37.5429,1,지진실내구호소
259,서울특별시,용산구,청파선린공원,서울특별시 용산구 청파동3가 118-56,1940,126.9656,37.5434,1,지진실내구호소
260,서울특별시,용산구,선린인터넷고등학교 운동장,서울특별시 용산구 원효로97길 33-4 (청파동3가),5670,126.9669,37.5422,1,지진실내구호소
261,서울특별시,용산구,문화원 정자마당,서울특별시 용산구 원효로2가 87-2,621,126.9519,37.5336,1,지진실내구호소
262,서울특별시,용산구,남정초등학교 운동장,서울특별시 용산구 원효로2가 54-1,2767,126.965,37.5359,1,지진실내구호소
263,서울특별시,용산구,산천동 마을마당,서울특별시 용산구 산천동 200,667,126.953,37.5355,1,지진실내구호소
264,서울특별시,용산구,원효초등학교 운동장,서울특별시 용산구 효창원로13길 38(산천동),1445,126.9519,37.536,1,지진실내구호소
265,서울특별시,용산구,늘푸른어린이공원,서울특별시 용산구 원효로41가길 14-19 (원효로3가),720,126.9567,37.5348,1,지진실내구호소
266,서울특별시,용산구,선린중학교 운동장,서울특별시 용산구 원효로3가 131-2,4170,126.9655,37.5422,1,지진실내구호소
267,서울특별시,용산구,성심여자중고등학교 운동장,서울특별시 용산구 원효로19길 49(원효로4가),2006,126.9545,37.5338,1,지진실내구호소
268,서울특별시,용산구,백범김구기념관,서울특별시 용산구 임정로 26(효창동),1492,126.9596,37.5438,1,지진실내구호소
269,서울특별시,용산구,효창운동장,서울특별시 용산구 효창원로 177-15 (효창동),11722,126.9611,37.5435,1,지진실내구호소
270,서울특별시,용산구,금양초등학교 운동장,서울특별시 용산구 효창원로 137(효창동),2622,126.9612,37.5403,1,지진실내구호소
271,서울특별시,용산구,솔밭어린이공원(용산열린정원),서울특별시 용산구 한강로1가 47,2090,126.9735,37.5374,1,지진실내구호소
272,서울특별시,용산구,용산초등학교 운동장,서울특별시 용산구 한강로2가 1-0,1450,126.9723,37.5353,1,지진실내구호소
273,서울특별시,용산구,기와터공원,서울특별시 용산구 한강로3가 63-388,2225,126.9693,37.5259,1,지진실내구호소
274,서울특별시,용산구,용산철도고등학교 운동장,서울특별시 용산구 서빙고로 24(한강로3가),4999,126.9676,37.524,1,지진실내구호소
275,서울특별시,용산구,꿈나무공원,서울특별시 용산구 이촌로 219(이촌동),1413,126.9718,37.5208,1,지진실내구호소
276,서울특별시,용산구,이촌한우리공원,서울특별시 용산구 이촌동 437,4325,126.9813,37.5176,1,지진실내구호소
277,서울특별시,용산구,용강중학교 운동장,서울특별시 용산구 이촌로65가길 91(이촌동),198,126.9765,37.5208,1,지진실내구호소
278,서울특별시,용산구,중경고등학교 운동장,서울특별시 용산구 이촌로84길 34(이촌동),755,126.9755,37.5173,1,지진실내구호소
279,서울특별시,용산구,라틴아메리카공원,서울특별시 용산구 이태원동 258-467,635,126.9971,37.5407,1,지진실내구호소
280,서울특별시,용산구,소월길 어린이공원,서울특별시 용산구 이태원동 463,570,126.9892,37.5435,1,지진실내구호소
281,서울특별시,용산구,이태원 마을숲 소공원,서울특별시 용산구 이태원동 260-93,661,126.9915,37.5412,1,지진실내구호소
282,서울특별시,용산구,이태원 어린이공원,서울특별시 용산구 회나무로6길 11-8 (이태원동),2692,126.9892,37.5382,1,지진실내구호소
283,서울특별시,용산구,용산구청(광장),서울특별시 용산구 녹사평대로 150(이태원동),2300,126.9897,37.5327,1,지진실내구호소
284,서울특별시,용산구,보광초등학교 운동장,서울특별시 용산구 우사단로 20(이태원동),3197,126.9966,37.5321,1,지진실내구호소
285,서울특별시,용산구,이태원초등학교 운동장,서울특별시 용산구 이태원동 406,1408,126.9879,37.5356,1,지진실내구호소
286,서울특별시,용산구,독서당어린이공원,서울특별시 용산구 한남동 1-32,702,127.0124,37.5344,1,지진실내구호소
287,서울특별시,용산구,응봉근린공원(매봉산공원),서울특별시 용산구 한남동 726-181,4141,127.0029,37.5456,1,지진실내구호소
288,서울특별시,용산구,한남어린이공원,서울특별시 용산구 한남동 15-5,490,127.0138,37.5372,1,지진실내구호소
289,서울특별시,용산구,한남동공영주차장,서울특별시 용산구 이태원로 224-19 (한남동),1051,127.0002,37.5348,1,지진실내구호소
290,서울특별시,용산구,한남초등학교 운동장,서울특별시 용산구 한남대로 112(한남동),9810,127.0049,37.539,1,지진실내구호소
291,서울특별시,용산구,서빙고초등학교 운동장,서울특별시 용산구 서빙고로51길 14(서빙고동),7720,126.9915,37.5212,1,지진실내구호소
292,서울특별시,용산구,한강중학교 운동장,서울특별시 용산구 녹사평대로 73(서빙고동),8720,126.9916,37.5242,1,지진실내구호소
293,서울특별시,용산구,달맞이공원,서울특별시 용산구 보광동 231-17,634,126.998,37.5279,1,지진실내구호소
294,서울특별시,성동구,꽃재어린이공원,서울특별시 성동구 하왕십리동 560,2900,127.0283,37.5674,1,지진실내구호소
295,서울특별시,성동구,무학봉근린공원,서울특별시 성동구 하왕십리동 890-243,28845,127.0265,37.5623,1,지진실내구호소
296,서울특별시,성동구,도선고등학교 운동장,서울특별시 성동구 마장로 156(하왕십리동),2730,127.027,37.5663,1,지진실내구호소
297,서울특별시,성동구,무학초등학교 운동장,서울특별시 성동구 무학봉15길 21(하왕십리동),3791,127.0299,37.5627,1,지진실내구호소
298,서울특별시,성동구,숭신초등학교 운동장,서울특별시 성동구 마장로 161(하왕십리동),434,127.0275,37.5674,1,지진실내구호소
299,서울특별시,성동구,도선어린이공원,서울특별시 성동구 무학로8길 8(홍익동),2232,127.0315,37.5654,1,지진실내구호소
300,서울특별시,성동구,성동구보건소 주차장,서울특별시 성동구 마장로23길 10(홍익동),570,127.0329,37.567,1,지진실내구호소
301,서울특별시,성동구,왕십리문화공원,서울특별시 성동구 도선동 35-2,1315,127.0352,37.5617,1,지진실내구호소
302,서울특별시,성동구,동마장공원,서울특별시 성동구 마장로42길 13(마장동),1090,127.0457,37.566,1,지진실내구호소
303,서울특별시,성동구,동마중학교 운동장,서울특별시 성동구 마조로11길 18(마장동),3105,127.0398,37.5623,1,지진실내구호소
304,서울특별시,성동구,동명초등학교 운동장,서울특별시 성동구 마장로29길 29(마장동),4256,127.0357,37.5683,1,지진실내구호소
305,서울특별시,성동구,마장중학교 운동장,서울특별시 성동구 마장로35나길 31(마장동),3280,127.0412,37.5685,1,지진실내구호소
306,서울특별시,성동구,마장초등학교 운동장,서울특별시 성동구 마장로35나길 31(마장동),2064,127.0422,37.5679,1,지진실내구호소
307,서울특별시,성동구,거주자우선주차장(사근동),서울특별시 성동구 사근동 282-2,2063,127.0473,37.565,1,지진실내구호소
308,서울특별시,성동구,사근초등학교 운동장,서울특별시 성동구 사근동11길 16(사근동),2200,127.0479,37.5625,1,지진실내구호소
309,서울특별시,성동구,한양대사범대학부속중학교 운동장,서울특별시 성동구 마조로 42(사근동),7788,127.0421,37.5609,1,지진실내구호소
310,서울특별시,성동구,한양여자대학교 운동장,서울특별시 성동구 살곶이길 200(사근동),2270,127.0498,37.558,1,지진실내구호소
311,서울특별시,성동구,무지개 텃밭,서울특별시 성동구 행당동 76-3,6041,127.0411,37.5539,1,지진실내구호소
312,서울특별시,성동구,소월아트홀 광장,서울특별시 성동구 왕십리로 281(행당동),2506,127.0363,37.5591,1,지진실내구호소
313,서울특별시,성동구,왕십리광장,서울특별시 성동구 행당동 192-3,10067,127.0372,37.5615,1,지진실내구호소
314,서울특별시,성동구,한양광장,서울특별시 성동구 행당동 20-2,2386,127.0399,37.5581,1,지진실내구호소
315,서울특별시,성동구,덕수고등학교 운동장,서울특별시 성동구 왕십리로 199(행당동),8640,127.0422,37.5552,1,지진실내구호소
316,서울특별시,성동구,무학여자고등학교 운동장,서울특별시 성동구 고산자로 197(행당동),2600,127.0332,37.5576,1,지진실내구호소
317,서울특별시,성동구,무학중학교 운동장,서울특별시 성동구 고산자로 197(행당동),1800,127.0322,37.5573,1,지진실내구호소
318,서울특별시,성동구,행당중학교 운동장,서울특별시 성동구 행당동 66-3,10048,127.0425,37.5541,1,지진실내구호소
319,서울특별시,성동구,행당초등학교 운동장,서울특별시 성동구 고산자로8길 6(행당동),3705,127.0345,37.557,1,지진실내구호소
320,서울특별시,성동구,응봉동둔치 체육공원,서울특별시 성동구 응봉동 9-5,34800,127.0372,37.5516,1,지진실내구호소
321,서울특별시,성동구,광희중학교 운동장,서울특별시 성동구 독서당로62길 46(응봉동),3927,127.0346,37.5514,1,지진실내구호소
322,서울특별시,성동구,응봉초등학교 운동장,서울특별시 성동구 독서당로62길 28(응봉동),3905,127.0335,37.5497,1,지진실내구호소
323,서울특별시,성동구,독서당공원,"서울특별시 성동구 금호로 100(금호동1가, 벽산아파트)",2852,127.0289,37.5502,1,지진실내구호소
324,서울특별시,성동구,금북초등학교 운동장,서울특별시 성동구 행당로1길 13(금호동1가),1719,127.0234,37.5569,1,지진실내구호소
325,서울특별시,성동구,금호고등학교 운동장,서울특별시 성동구 금호로 118(금호동1가),1500,127.0236,37.5532,1,지진실내구호소
326,서울특별시,성동구,금호초등학교 운동장,서울특별시 성동구 무수막길 69(금호동2가),2178,127.0202,37.5524,1,지진실내구호소
327,서울특별시,성동구,금호근린공원,서울특별시 성동구 금호동3가 1266-2,13467,127.0191,37.5493,1,지진실내구호소
328,서울특별시,성동구,달맞이공원,서울특별시 성동구 금호동4가 367-1,9246,127.0203,37.545,1,지진실내구호소
329,서울특별시,성동구,금옥초등학교 운동장,서울특별시 성동구 독서당로 251(금호동4가),1246,127.0179,37.5466,1,지진실내구호소
330,서울특별시,성동구,옥수초등학교 운동장,서울특별시 성동구 금호로1길 25(금호동4가),2521,127.0221,37.5459,1,지진실내구호소
331,서울특별시,성동구,매봉소공원,서울특별시 성동구 옥수동 561-1,2516,127.0111,37.5457,1,지진실내구호소
332,서울특별시,성동구,동호초등학교 운동장,서울특별시 성동구 매봉길 49-35 (옥수동),990,127.0102,37.5462,1,지진실내구호소
333,서울특별시,성동구,옥정중학교 운동장,서울특별시 성동구 한림말길 11(옥수동),3189,127.0127,37.5414,1,지진실내구호소
334,서울특별시,성동구,옥정초등학교 운동장,서울특별시 성동구 한림말길 43(옥수동),2006,127.0157,37.5416,1,지진실내구호소
335,서울특별시,성동구,서울숲공원,서울특별시 성동구 뚝섬로 273(성수동1가),22178,127.0373,37.5445,1,지진실내구호소
336,서울특별시,성동구,성원어린이 공원,서울특별시 성동구 상원10길 21(성수동1가),633,127.05,37.5502,1,지진실내구호소
337,서울특별시,성동구,경동초등학교 운동장,서울특별시 성동구 성수일로 34(성수동1가),2849,127.0508,37.5427,1,지진실내구호소
338,서울특별시,성동구,경일고등학교 운동장,서울특별시 성동구 성수일로 27(성수동1가),4240,127.0477,37.5432,1,지진실내구호소
339,서울특별시,성동구,경일초등학교 운동장,서울특별시 성동구 뚝섬로 332(성수동1가),2245,127.0469,37.5403,1,지진실내구호소
340,서울특별시,성동구,성수중학교 운동장,서울특별시 성동구 서울숲길 18(성수동1가),2596,127.0386,37.5479,1,지진실내구호소
341,서울특별시,성동구,성삼공원,서울특별시 성동구 성수동2가 273-11,578,127.0601,37.542,1,지진실내구호소
342,서울특별시,성동구,성수공원,서울특별시 성동구 성수동2가 302-25,1238,127.0524,37.5447,1,지진실내구호소
343,서울특별시,성동구,향림공원,서울특별시 성동구 성수동2가 289-28,248,127.0534,37.5467,1,지진실내구호소
344,서울특별시,성동구,경수중학교 운동장,서울특별시 성동구 뚝섬로13길 14(성수동2가),2739,127.0583,37.5391,1,지진실내구호소
345,서울특별시,성동구,경수초등학교 운동장,서울특별시 성동구 뚝섬로13길 22(성수동2가),3280,127.0582,37.5399,1,지진실내구호소
346,서울특별시,성동구,성수공업고등학교 운동장,서울특별시 성동구 뚝섬로 365(성수동2가),1767,127.0512,37.5402,1,지진실내구호소
347,서울특별시,성동구,성수초등학교 운동장,서울특별시 성동구 아차산로17길 21(성수동2가),1560,127.0638,37.544,1,지진실내구호소
348,서울특별시,성동구,성원중학교 운동장,서울특별시 성동구 성덕정9가길 13(성수동2가),3435,127.0516,37.5391,1,지진실내구호소
349,서울특별시,성동구,송정체육공원,서울특별시 성동구 송정동 73-254,3350,127.0673,37.5532,1,지진실내구호소
350,서울특별시,성동구,송원초등학교 운동장,서울특별시 성동구 동일로43길 9(송정동),738,127.0692,37.5539,1,지진실내구호소
351,서울특별시,성동구,용답근린공원(용답휴식공원),서울특별시 성동구 용답동 128-3,6046,127.0475,37.5699,1,지진실내구호소
352,서울특별시,성동구,용답토속공원,서울특별시 성동구 천호대로 336(용답동),4832,127.0568,37.5632,1,지진실내구호소
353,서울특별시,성동구,중랑물재생센터,서울특별시 성동구 자동차시장3길 64(용답동),4500,127.0641,37.56,1,지진실내구호소
354,서울특별시,성동구,용답초등학교 운동장,서울특별시 성동구 용답25길 1(용답동),6034,127.0541,37.5603,1,지진실내구호소
355,서울특별시,광진구,대원외국어고등학교 운동장,서울특별시 광진구 용마산로22길 26(중곡동),3306,127.089,37.5629,1,지진실내구호소
356,서울특별시,광진구,용곡중학교 운동장,서울특별시 광진구 용마산로22길 76(중곡동),2117,127.0888,37.5656,1,지진실내구호소
357,서울특별시,광진구,용곡초등학교 운동장,서울특별시 광진구 용마산로22길 82(중곡동),4432,127.0885,37.5667,1,지진실내구호소
358,서울특별시,광진구,용마초등학교 운동장,서울특별시 광진구 천호대로113길 10(중곡동),3583,127.0841,37.5578,1,지진실내구호소
359,서울특별시,광진구,중광초등학교 운동장,서울특별시 광진구 긴고랑로13길 59(중곡동),653,127.0826,37.565,1,지진실내구호소
360,서울특별시,광진구,중마초등학교 운동장,서울특별시 광진구 동일로72길 43(중곡동),2088,127.0798,37.5657,1,지진실내구호소
361,서울특별시,광진구,서울특별시 광진구 광나루로36길 47(구의동) 238-1,서울특별시 광진구 구의동 238-1,400,127.0865,37.5423,1,지진실내구호소
362,서울특별시,광진구,광진초등학교 운동장,서울특별시 광진구 자양로40길 41(구의동),1062,127.0908,37.5476,1,지진실내구호소
363,서울특별시,광진구,구남초등학교 운동장,서울특별시 광진구 구의강변로 69(구의동),2356,127.0922,37.5366,1,지진실내구호소
364,서울특별시,광진구,동국대학교 사범대학부속 여자중고등학교 운동장,서울특별시 광진구 광나루로36길 47(구의동),6100,127.0868,37.5426,1,지진실내구호소
365,서울특별시,광진구,동의초등학교 운동장,서울특별시 광진구 영화사로 111(구의동),3826,127.0984,37.5535,1,지진실내구호소
366,서울특별시,광진구,광진구민체육센터,서울특별시 광진구 광장동 318,1806,127.1071,37.5463,1,지진실내구호소
367,서울특별시,광진구,광남고등학교 운동장,서울특별시 광진구 아차산로70길 17-16 (광장동),1784,127.1023,37.5411,1,지진실내구호소
368,서울특별시,광진구,광남중학교 운동장,서울특별시 광진구 아차산로70길 17-62 (광장동),2845,127.1016,37.5401,1,지진실내구호소
369,서울특별시,광진구,광남초등학교 운동장,서울특별시 광진구 아차산로70길 35(광장동),3048,127.101,37.5408,1,지진실내구호소
370,서울특별시,광진구,광장중학교 운동장,서울특별시 광진구 광장로1길 1(광장동),1866,127.1012,37.5468,1,지진실내구호소
371,서울특별시,광진구,광장초등학교 운동장,서울특별시 광진구 광장로1길 27(광장동),2452,127.1014,37.5481,1,지진실내구호소
372,서울특별시,광진구,양진초등학교 운동장,서울특별시 광진구 워커힐로 32(광장동),1184,127.0977,37.5444,1,지진실내구호소
373,서울특별시,광진구,광양고등학교 운동장,서울특별시 광진구 자양로3가길 31(자양동),4669,127.0855,37.5291,1,지진실내구호소
374,서울특별시,광진구,광양중학교 운동장,서울특별시 광진구 자양로3길 7(자양동),3233,127.086,37.5302,1,지진실내구호소
375,서울특별시,광진구,광진중학교 운동장,서울특별시 광진구 뚝섬로64길 45(자양동),4388,127.0896,37.5315,1,지진실내구호소
376,서울특별시,광진구,동자초등학교 운동장,서울특별시 광진구 뚝섬로 561(자양동),3698,127.0725,37.5345,1,지진실내구호소
377,서울특별시,광진구,성동초등학교 운동장,서울특별시 광진구 자양로4길 63(자양동),2779,127.0896,37.5328,1,지진실내구호소
378,서울특별시,광진구,성자초등학교 운동장,서울특별시 광진구 뚝섬로56길 7(자양동),1472,127.0831,37.531,1,지진실내구호소
379,서울특별시,광진구,신양중학교 운동장,서울특별시 광진구 자양강변길 73(자양동),3198,127.0635,37.5331,1,지진실내구호소
380,서울특별시,광진구,신양초등학교 운동장,서울특별시 광진구 능동로 42(자양동),2344,127.0693,37.5344,1,지진실내구호소
381,서울특별시,광진구,신자초등학교 운동장,서울특별시 광진구 뚝섬로46길 64(자양동),2261,127.0754,37.5299,1,지진실내구호소
382,서울특별시,광진구,양남초등학교 운동장,서울특별시 광진구 뚝섬로64길 71(자양동),3580,127.0896,37.5305,1,지진실내구호소
383,서울특별시,광진구,자양고등학교 운동장,서울특별시 광진구 뚝섬로37길 28(자양동),4183,127.0727,37.5352,1,지진실내구호소
384,서울특별시,광진구,자양중학교 운동장,서울특별시 광진구 뚝섬로41길 33(자양동),4150,127.0746,37.535,1,지진실내구호소
385,서울특별시,광진구,자양초등학교 운동장,서울특별시 광진구 아차산로44길 26(자양동),910,127.0797,37.5367,1,지진실내구호소
386,서울특별시,광진구,건국대부속중학교 운동장,서울특별시 광진구 자양로 145-1 (화양동),5794,127.0822,37.5407,1,지진실내구호소
387,서울특별시,광진구,건국대학교사범대학부속고등학교 운동장,서울특별시 광진구 자양로 145-1 (화양동),4926,127.0802,37.5396,1,지진실내구호소
388,서울특별시,광진구,구의중학교 운동장,서울특별시 광진구 광나루로30길 80(화양동),3607,127.079,37.5434,1,지진실내구호소
389,서울특별시,광진구,구의초등학교 운동장,서울특별시 광진구 광나루로30길 49(화양동),3297,127.0801,37.5427,1,지진실내구호소
390,서울특별시,광진구,화양초등학교 운동장,서울특별시 광진구 군자로 9(화양동),1793,127.0712,37.5441,1,지진실내구호소
391,서울특별시,광진구,세종초등학교 운동장,서울특별시 광진구 군자로 114(군자동),2106,127.073,37.5527,1,지진실내구호소
392,서울특별시,광진구,장안초등학교 운동장,서울특별시 광진구 군자로 74(군자동),2097,127.0718,37.55,1,지진실내구호소
393,서울특별시,동대문구,우산각어린이공원,서울특별시 동대문구 신설동 109-4,5294,127.0243,37.5733,1,지진실내구호소
394,서울특별시,동대문구,대광고등학교 운동장,서울특별시 동대문구 신설동 53-3,4500,127.0237,37.5779,1,지진실내구호소
395,서울특별시,동대문구,용두희망어린이공원,서울특별시 동대문구 용두동 715-0,1560,127.0263,37.58,1,지진실내구호소
396,서울특별시,동대문구,용두초등학교 운동장,서울특별시 동대문구 용두동 237-1,4500,127.0289,37.5756,1,지진실내구호소
397,서울특별시,동대문구,방아다리어린이공원,서울특별시 동대문구 제기동 132-1,1537,127.0348,37.585,1,지진실내구호소
398,서울특별시,동대문구,성일중학교 운동장,서울특별시 동대문구 제기동 271-41,1681,127.0339,37.5811,1,지진실내구호소
399,서울특별시,동대문구,정화여자상업고등학교 운동장,서울특별시 동대문구 제기동 293-0,636,127.0407,37.5855,1,지진실내구호소
400,서울특별시,동대문구,종암초등학교 운동장,서울특별시 동대문구 제기동 1157-0,4412,127.0314,37.5817,1,지진실내구호소
401,서울특별시,동대문구,홍파초등학교 운동장,서울특별시 동대문구 고산자로 518(제기동),907,127.0389,37.5861,1,지진실내구호소
402,서울특별시,동대문구,배봉산공원 야외무대,서울특별시 동대문구 전농동 산32-20,284421,127.063,37.5784,1,지진실내구호소
403,서울특별시,동대문구,아름드리어린이공원,서울특별시 동대문구 전농동 688-7,2626,127.0596,37.579,1,지진실내구호소
404,서울특별시,동대문구,동대문중학교 운동장,서울특별시 동대문구 전농동 322-5,2031,127.0525,37.5742,1,지진실내구호소
405,서울특별시,동대문구,배봉초등학교 운동장,서울특별시 동대문구 전농동 3-111,3265,127.0663,37.5796,1,지진실내구호소
406,서울특별시,동대문구,전곡초등학교 운동장,서울특별시 동대문구 전농동 188-0,2230,127.0568,37.5802,1,지진실내구호소
407,서울특별시,동대문구,전농중학교 운동장,서울특별시 동대문구 전농동 58-1,6640,127.0595,37.5809,1,지진실내구호소
408,서울특별시,동대문구,전농초등학교 운동장,서울특별시 동대문구 전농동 298-0,2066,127.0545,37.5742,1,지진실내구호소
409,서울특별시,동대문구,전동초등학교 운동장,서울특별시 동대문구 전농동 45-41,1755,127.0615,37.5789,1,지진실내구호소
410,서울특별시,동대문구,전일중학교 운동장,서울특별시 동대문구 전농동 60-1,5600,127.0585,37.5812,1,지진실내구호소
411,서울특별시,동대문구,해성여자고등학교 운동장,서울특별시 동대문구 전농동 90-3,5900,127.0572,37.5812,1,지진실내구호소
412,서울특별시,동대문구,간데메공원,서울특별시 동대문구 답십리동 471-0,15179,127.0486,37.5733,1,지진실내구호소
413,서울특별시,동대문구,동산어린이공원,서울특별시 동대문구 답십리동 998-1,1359,127.0575,37.5669,1,지진실내구호소
414,서울특별시,동대문구,쉼터어린이공원,서울특별시 동대문구 답십리동 952-5,1695,127.0595,37.5647,1,지진실내구호소
415,서울특별시,동대문구,답십리초등학교 운동장,서울특별시 동대문구 답십리동 274-0,2550,127.0554,37.5683,1,지진실내구호소
416,서울특별시,동대문구,동답초등학교 운동장,서울특별시 동대문구 답십리동 2-24,2158,127.0647,37.572,1,지진실내구호소
417,서울특별시,동대문구,숭인중학교 운동장,서울특별시 동대문구 답십리동 463-1,1577,127.0442,37.5734,1,지진실내구호소
418,서울특별시,동대문구,신답초등학교 운동장,서울특별시 동대문구 답십리동 463-13,1942,127.0433,37.5728,1,지진실내구호소
419,서울특별시,동대문구,늘봄어린이공원,서울특별시 동대문구 장안동 343-0,1659,127.0723,37.5714,1,지진실내구호소
420,서울특별시,동대문구,안골어린이공원,서울특별시 동대문구 장안동 402-0,1652,127.0642,37.5653,1,지진실내구호소
421,서울특별시,동대문구,장일어린이공원,서울특별시 동대문구 장안동 164-1,992,127.0651,37.5699,1,지진실내구호소
422,서울특별시,동대문구,장평공원,서울특별시 동대문구 장안동 356-0,15698,127.074,37.5673,1,지진실내구호소
423,서울특별시,동대문구,군자초등학교 운동장,서울특별시 동대문구 장안동 239-2,4390,127.0611,37.564,1,지진실내구호소
424,서울특별시,동대문구,동국대학교사범대학부속고등학교 운동장,서울특별시 동대문구 장안동 328-0,7283,127.0751,37.5775,1,지진실내구호소
425,서울특별시,동대문구,안평초등학교 운동장,서울특별시 동대문구 장안동 353-1,3433,127.0718,37.5656,1,지진실내구호소
426,서울특별시,동대문구,은석초등학교 운동장,서울특별시 동대문구 장안동 328-0,2732,127.0752,37.5783,1,지진실내구호소
427,서울특별시,동대문구,장평중학교 운동장,서울특별시 동대문구 장안동 352-0,8207,127.0705,37.5662,1,지진실내구호소
428,서울특별시,동대문구,장평초등학교 운동장,서울특별시 동대문구 장안동 323-0,4157,127.0732,37.5733,1,지진실내구호소
429,서울특별시,동대문구,청량고등학교 운동장,서울특별시 동대문구 청량리동 7-0,3772,127.0505,37.5886,1,지진실내구호소
430,서울특별시,동대문구,청량중학교 운동장,서울특별시 동대문구 청량리동 14-0,5578,127.0514,37.5876,1,지진실내구호소
431,서울특별시,동대문구,홍릉초등학교 운동장,서울특별시 동대문구 회기로 90(청량리동),3968,127.047,37.5907,1,지진실내구호소
432,서울특별시,동대문구,경희여자고등학교 운동장,서울특별시 동대문구 회기동 1-5,3131,127.051,37.5947,1,지진실내구호소
433,서울특별시,동대문구,경희초등학교 운동장,서울특별시 동대문구 경희대로 26(회기동),4500,127.0493,37.5946,1,지진실내구호소
434,서울특별시,동대문구,삼육초등학교 운동장,서울특별시 동대문구 회기동 102-48,2080,127.0478,37.5891,1,지진실내구호소
435,서울특별시,동대문구,청량초등학교 운동장,서울특별시 동대문구 회기동 1-1,2750,127.055,37.5919,1,지진실내구호소
436,서울특별시,동대문구,전동중학교 운동장,서울특별시 동대문구 휘경동 49-295,4197,127.0711,37.5851,1,지진실내구호소
437,서울특별시,동대문구,휘경공업고등학교 운동장,서울특별시 동대문구 휘경동 49-327,3456,127.0698,37.5848,1,지진실내구호소
438,서울특별시,동대문구,휘경여자고등학교 운동장,서울특별시 동대문구 휘경동 43-7,4418,127.0675,37.5832,1,지진실내구호소
439,서울특별시,동대문구,휘경초등학교 운동장,서울특별시 동대문구 휘경동 302-2,3415,127.0588,37.5854,1,지진실내구호소
440,서울특별시,동대문구,휘봉고등학교 운동장,서울특별시 동대문구 휘경동 43-138,4048,127.0679,37.5865,1,지진실내구호소
441,서울특별시,동대문구,휘봉초등학교 운동장,서울특별시 동대문구 휘경동 49-27,2368,127.0703,37.5858,1,지진실내구호소
442,서울특별시,동대문구,이문초등학교 운동장,서울특별시 동대문구 신이문로 16(이문동),2850,127.0642,37.6019,1,지진실내구호소
443,서울특별시,중랑구,면목5동 집하장 녹지대,서울특별시 중랑구 면목동 734-2,1592,127.079,37.5799,1,지진실내구호소
444,서울특별시,중랑구,면목천로 녹지대(공원),서울특별시 중랑구 면목동 1508-10,2183,127.0832,37.5843,1,지진실내구호소
445,서울특별시,중랑구,사가정공원,서울특별시 중랑구 면목동 산50-15,109653,127.0954,37.5798,1,지진실내구호소
446,서울특별시,중랑구,용마폭포공원,서울특별시 중랑구 면목동 산1-4,22594,127.09,37.5743,1,지진실내구호소
447,서울특별시,중랑구,면남초등학교운동장,서울특별시 중랑구 면목로30나길 38(면목동),2546,127.0879,37.5775,1,지진실내구호소
448,서울특별시,중랑구,면동초등학교운동장,서울특별시 중랑구 면목로57길 32(면목동),3006,127.0866,37.5851,1,지진실내구호소
449,서울특별시,중랑구,면목고등학교운동장,서울특별시 중랑구 용마산로72길 36-14 (면목동),4273,127.0963,37.584,1,지진실내구호소
450,서울특별시,중랑구,면목중학교운동장,서울특별시 중랑구 용마산로70길 43(면목동),4197,127.0956,37.5829,1,지진실내구호소
451,서울특별시,중랑구,면목초등학교운동장,서울특별시 중랑구 면목로 434(면목동),2177,127.0875,37.591,1,지진실내구호소
452,서울특별시,중랑구,면중초등학교 운동장,서울특별시 중랑구 용마산로70길 43(면목동),1931,127.0966,37.582,1,지진실내구호소
453,서울특별시,중랑구,용마중학교운동장,서울특별시 중랑구 면목로28길 18(면목동),2703,127.0859,37.574,1,지진실내구호소
454,서울특별시,중랑구,중곡초등학교운동장,서울특별시 중랑구 면목로23길 20(면목동),3049,127.0835,37.5743,1,지진실내구호소
455,서울특별시,중랑구,중랑초등학교운동장,서울특별시 중랑구 봉우재로6길 26(면목동),2150,127.0757,37.5892,1,지진실내구호소
456,서울특별시,중랑구,중목초등학교 운동장,서울특별시 중랑구 동일로 665(면목동),1820,127.0795,37.5898,1,지진실내구호소
457,서울특별시,중랑구,중화중학교운동장,서울특별시 중랑구 용마산로 364(면목동),2751,127.0951,37.5842,1,지진실내구호소
458,서울특별시,중랑구,상봉터미널,서울특별시 중랑구 상봉동 83-1,7278,127.0914,37.5961,1,지진실내구호소
459,서울특별시,중랑구,상봉중학교운동장,서울특별시 중랑구 상봉중앙로8나길 28(상봉동),4405,127.0905,37.6011,1,지진실내구호소
460,서울특별시,중랑구,상봉초등학교 운동장,서울특별시 중랑구 동일로126가길 11(상봉동),4958,127.0836,37.598,1,지진실내구호소
461,서울특별시,중랑구,신현고등학교 운동장,서울특별시 중랑구 봉화산로 174(상봉동),3705,127.0925,37.6048,1,지진실내구호소
462,서울특별시,중랑구,신현중학교 운동장,서울특별시 중랑구 봉화산로 162(상봉동),4700,127.0919,37.6041,1,지진실내구호소
463,서울특별시,중랑구,수경공원,서울특별시 중랑구 중화동 381-3,5675,127.074,37.6027,1,지진실내구호소
464,서울특별시,중랑구,묵동초등학교 운동장,서울특별시 중랑구 동일로138길 27(중화동),3206,127.0813,37.6038,1,지진실내구호소
465,서울특별시,중랑구,장안중학교 운동장,서울특별시 중랑구 동일로 780(중화동),5327,127.0808,37.6005,1,지진실내구호소
466,서울특별시,중랑구,중랑중학교 운동장,서울특별시 중랑구 동일로140길 33(중화동),5025,127.0813,37.6048,1,지진실내구호소
467,서울특별시,중랑구,중화고등학교운동장,서울특별시 중랑구 봉화산로27길 62(중화동),3473,127.0827,37.6044,1,지진실내구호소
468,서울특별시,중랑구,중흥초등학교 운동장,서울특별시 중랑구 봉화산로 82(중화동),5796,127.0845,37.6014,1,지진실내구호소
469,서울특별시,중랑구,수림대공원(서울장미공원),서울특별시 중랑구 묵동 342-3,1620,127.073,37.6151,1,지진실내구호소
470,서울특별시,중랑구,묵현초등학교운동장,서울특별시 중랑구 동일로157길 75(묵동),1200,127.0733,37.6087,1,지진실내구호소
471,서울특별시,중랑구,신묵초등학교운동장,서울특별시 중랑구 묵동 246-12,6481,127.0754,37.6074,1,지진실내구호소
472,서울특별시,중랑구,원묵고등학교운동장,서울특별시 중랑구 숙선옹주로 82(묵동),3270,127.0863,37.6155,1,지진실내구호소
473,서울특별시,중랑구,원묵중학교 운동장,서울특별시 중랑구 신내로23길 57(묵동),3936,127.085,37.6177,1,지진실내구호소
474,서울특별시,중랑구,원묵초등학교 운동장,서울특별시 중랑구 숙선옹주로 109(묵동),3000,127.0861,37.6176,1,지진실내구호소
475,서울특별시,중랑구,태릉고등학교 운동장,서울특별시 중랑구 신내로23길 36(묵동),5694,127.0851,37.6187,1,지진실내구호소
476,서울특별시,중랑구,태릉중학교운동장,서울특별시 중랑구 공릉로2길 60-25 (묵동),3336,127.0825,37.6124,1,지진실내구호소
477,서울특별시,중랑구,동원중학교운동장,서울특별시 중랑구 양원역로 32(망우동),5258,127.1081,37.6035,1,지진실내구호소
478,서울특별시,중랑구,동원초등학교운동장,서울특별시 중랑구 송림길 114(망우동),3780,127.1048,37.6049,1,지진실내구호소
479,서울특별시,중랑구,망우초등학교운동장,서울특별시 중랑구 망우로72길 49(망우동),2800,127.1033,37.5982,1,지진실내구호소
480,서울특별시,중랑구,면북초등학교 운동장,서울특별시 중랑구 용마공원로5길 32(망우동),1853,127.1035,37.594,1,지진실내구호소
481,서울특별시,중랑구,면일초등학교운동장,서울특별시 중랑구 용마산로100길 13(망우동),2524,127.0995,37.5916,1,지진실내구호소
482,서울특별시,중랑구,봉화중학교운동장,서울특별시 중랑구 망우로70길 89(망우동),2272,127.1037,37.5966,1,지진실내구호소
483,서울특별시,중랑구,송곡고등학교운동장,서울특별시 중랑구 양원역로 50(망우동),5775,127.1071,37.6054,1,지진실내구호소
484,서울특별시,중랑구,송곡여자중학교운동장,서울특별시 중랑구 양원역로 67(망우동),7160,127.1044,37.6061,1,지진실내구호소
485,서울특별시,중랑구,영란여자중학교운동장,서울특별시 중랑구 망우로73길 56(망우동),7085,127.1038,37.6035,1,지진실내구호소
486,서울특별시,중랑구,혜원여자고등학교운동장,서울특별시 중랑구 봉우재로58길 39(망우동),5866,127.0966,37.5937,1,지진실내구호소
487,서울특별시,중랑구,능말공원,서울특별시 중랑구 신내동 214-8,19101,127.1086,37.6166,1,지진실내구호소
488,서울특별시,중랑구,능산공원,서울특별시 중랑구 신내동 317-2,12350,127.0973,37.6117,1,지진실내구호소
489,서울특별시,중랑구,봉화산근린공원,서울특별시 중랑구 신내동 655-2,977,127.0928,37.6082,1,지진실내구호소
490,서울특별시,중랑구,신내근린공원,서울특별시 중랑구 신내동 652-0,34016,127.0884,37.6148,1,지진실내구호소
491,서울특별시,중랑구,봉화초등학교운동장,서울특별시 중랑구 신내로15길 110(신내동),4315,127.0919,37.6133,1,지진실내구호소
492,서울특별시,중랑구,신내초등학교운동장,서울특별시 중랑구 용마산로125나길 22(신내동),3889,127.1,37.6041,1,지진실내구호소
493,서울특별시,중랑구,신현초등학교운동장,서울특별시 중랑구 봉화산로 188(신내동),3600,127.0938,37.6054,1,지진실내구호소
494,서울특별시,중랑구,중화초등학교운동장,서울특별시 중랑구 신내로7가길 22(신내동),3155,127.0949,37.6029,1,지진실내구호소
495,서울특별시,성북구,동구마케팅고등학교 운동장,서울특별시 성북구 성북동 168-275,1979,127.0065,37.5932,1,지진실내구호소
496,서울특별시,성북구,동구여자중학교 운동장,서울특별시 성북구 성북동 168-275,2114,127.0076,37.5939,1,지진실내구호소
497,서울특별시,성북구,성북초등학교 운동장,서울특별시 성북구 성북동 66-1,5045,126.9982,37.5935,1,지진실내구호소
498,서울특별시,성북구,홍익대학교 사범대학 부속 중-고등학교 운동장,서울특별시 성북구 성북로14가길 23(성북동),9518,127.0036,37.594,1,지진실내구호소
499,서울특별시,성북구,개운산 공원,서울특별시 성북구 돈암동 산6-23,6999,127.0252,37.5965,1,지진실내구호소
500,서울특별시,성북구,개운중학교 운동장,서울특별시 성북구 돈암동 83-145,1924,127.0248,37.5949,1,지진실내구호소
501,서울특별시,성북구,개운초등학교 운동장,서울특별시 성북구 돈암동 2-8,1336,127.0279,37.6017,1,지진실내구호소
502,서울특별시,성북구,고명중학교 운동장,서울특별시 성북구 돈암동 45-88,6411,127.0199,37.5979,1,지진실내구호소
503,서울특별시,성북구,성신여자중학교 운동장,서울특별시 성북구 돈암동 산11-269,4056,127.0234,37.5945,1,지진실내구호소
504,서울특별시,성북구,우촌초등학교 운동장,서울특별시 성북구 돈암동 609-0,1153,127.0117,37.5956,1,지진실내구호소
505,서울특별시,성북구,삼선중학교 운동장,서울특별시 성북구 동소문동4가 278-174,4608,127.0085,37.5915,1,지진실내구호소
506,서울특별시,성북구,돈암초등학교 운동장,서울특별시 성북구 동소문로13길 38(동소문동6가),3406,127.0133,37.5931,1,지진실내구호소
507,서울특별시,성북구,정덕초등학교 운동장,서울특별시 성북구 동소문동7가 118-1,2417,127.0139,37.598,1,지진실내구호소
508,서울특별시,성북구,경동고등학교 운동장,서울특별시 성북구 삼선동3가 43-1,10750,127.0149,37.5856,1,지진실내구호소
509,서울특별시,성북구,삼선초등학교 운동장,서울특별시 성북구 삼선동3가 30-4,6603,127.0124,37.5862,1,지진실내구호소
510,서울특별시,성북구,안암초등학교 운동장,서울특별시 성북구 안암동2가 93-0,2916,127.0226,37.5872,1,지진실내구호소
511,서울특별시,성북구,용문고등학교 운동장,서울특별시 성북구 안암동2가 96-1,8423,127.0245,37.5878,1,지진실내구호소
512,서울특별시,성북구,대광초등학교 운동장,서울특별시 성북구 안암로 5(보문동7가),977,127.0235,37.5792,1,지진실내구호소
513,서울특별시,성북구,동망봉 어린이 공원,서울특별시 성북구 보문사길 30(보문동3가),1355,127.0169,37.5836,1,지진실내구호소
514,서울특별시,성북구,동신초등학교 운동장,서울특별시 성북구 보문동3가 228,3589,127.0172,37.5828,1,지진실내구호소
515,서울특별시,성북구,솔숲 어린이 공원,서울특별시 성북구 정릉동 170-62,1947,127.0151,37.6049,1,지진실내구호소
516,서울특별시,성북구,한울 어린이 공원,서울특별시 성북구 정릉동 169-16,1965,127.0139,37.6058,1,지진실내구호소
517,서울특별시,성북구,고려대학사범대학부속고등학교 운동장,서울특별시 성북구 정릉동 산1-2,16119,127.002,37.6084,1,지진실내구호소
518,서울특별시,성북구,고려대학사범대학부속중학교 운동장,서울특별시 성북구 정릉동 산1-2,3772,127.0019,37.6103,1,지진실내구호소
519,서울특별시,성북구,대일외국어고등학교 운동장,서울특별시 성북구 정릉동 산16-36,5088,127.0129,37.6139,1,지진실내구호소
520,서울특별시,성북구,북악중학교 운동장,서울특별시 성북구 정릉동 640-3,1844,127.0016,37.6065,1,지진실내구호소
521,서울특별시,성북구,서경대학교 운동장,서울특별시 성북구 서경로 124(정릉동),8650,127.012,37.6154,1,지진실내구호소
522,서울특별시,성북구,숭덕초등학교 운동장,서울특별시 성북구 정릉로 279(정릉동),4865,127.0139,37.6041,1,지진실내구호소
523,서울특별시,성북구,정릉초등학교 운동장,서울특별시 성북구 정릉동 798-0,4654,127.0054,37.6194,1,지진실내구호소
524,서울특별시,성북구,정수초등학교 운동장,서울특별시 성북구 정릉동 431-62,4865,127.0081,37.6042,1,지진실내구호소
525,서울특별시,성북구,청덕초등학교장 운동장,서울특별시 성북구 정릉동 847-0,2567,127.0004,37.6116,1,지진실내구호소
526,서울특별시,성북구,늘푸른-솔향기 어린이 공원,서울특별시 성북구 길음동 1184-36,7405,127.0211,37.6083,1,지진실내구호소
527,서울특별시,성북구,계성고등학교 운동장,서울특별시 성북구 길음동 1284-15,3759,127.0208,37.6076,1,지진실내구호소
528,서울특별시,성북구,길원초등학교 운동장,서울특별시 성북구 길음동 1280-4,2119,127.0165,37.6096,1,지진실내구호소
529,서울특별시,도봉구,자운고등학교 운동장,서울특별시 도봉구 노해로69길 150(창동),1757,127.0502,37.6588,1,지진실내구호소
530,서울특별시,도봉구,자운초등학교 운동장,서울특별시 도봉구 마들로13길 166(창동),1880,127.0466,37.6575,1,지진실내구호소
531,서울특별시,도봉구,창동고등학교 운동장,서울특별시 도봉구 노해로62길 7(창동),2810,127.0386,37.6504,1,지진실내구호소
532,서울특별시,금천구,금나래중앙공원,서울특별시 금천구 벚꽃로 14(독산동),16250,126.8948,37.4576,1,지진실내구호소
533,서울특별시,금천구,도하공원,서울특별시 금천구 독산동 1149,3155,126.8953,37.4587,1,지진실내구호소
534,서울특별시,금천구,독산근린공원,서울특별시 금천구 범안로 1096(독산동),19100,126.8847,37.4631,1,지진실내구호소
535,서울특별시,금천구,독산마을공원,"서울특별시 금천구 시흥대로100길 20(독산동, 원영하이빌)",2243,126.8993,37.4638,1,지진실내구호소
536,서울특별시,금천구,무지개어린이공원,서울특별시 금천구 시흥대로90길 60-3 (독산동),684,126.901,37.4629,1,지진실내구호소
537,서울특별시,금천구,소망어린이공원,서울특별시 금천구 독산동 196-8,788,126.9015,37.4694,1,지진실내구호소
538,서울특별시,금천구,쌈지어린이공원,서울특별시 금천구 독산동 189-1,866,126.9039,37.4708,1,지진실내구호소
539,서울특별시,금천구,정훈어린이 공원,서울특별시 금천구 독산로58나길 64(독산동),1038,126.9063,37.4656,1,지진실내구호소
540,서울특별시,금천구,철쭉어린이공원,서울특별시 금천구 금하로1마길 15-8 (독산동),1417,126.8898,37.453,1,지진실내구호소
541,서울특별시,금천구,한사랑어린이공원,서울특별시 금천구 독산동 925-2,522,126.9045,37.4677,1,지진실내구호소
542,서울특별시,금천구,금나래초등학교 운동장,서울특별시 금천구 시흥대로79길 37(독산동),1839,126.8965,37.4578,1,지진실내구호소
543,서울특별시,금천구,난곡중학교운동장,서울특별시 금천구 독산동 906-41,6057,126.911,37.4775,1,지진실내구호소
544,서울특별시,금천구,독산초등학교 운동장,서울특별시 금천구 독산동 1034-0,11983,126.9,37.4651,1,지진실내구호소
545,서울특별시,금천구,두산초등학교 운동장,서울특별시 금천구 독산동 1002-5,4294,126.891,37.467,1,지진실내구호소
546,서울특별시,금천구,문교초등학교 운동장,서울특별시 금천구 독산동 202-1,13362,126.9087,37.4662,1,지진실내구호소
547,서울특별시,금천구,문성중학교운동장,서울특별시 금천구 독산동 61-0,4176,126.9081,37.4757,1,지진실내구호소
548,서울특별시,금천구,문성초등학교운동장,서울특별시 금천구 독산동 982-0,2773,126.8992,37.4743,1,지진실내구호소
549,서울특별시,금천구,세일중학교 운동장,서울특별시 금천구 독산동 147-2,4292,126.8959,37.4741,1,지진실내구호소
550,서울특별시,금천구,안천중학교 운동장,서울특별시 금천구 독산동 1089-0,4105,126.888,37.459,1,지진실내구호소
551,서울특별시,금천구,영남초등학교운동장,서울특별시 금천구 독산동 59-27,4261,126.9093,37.4758,1,지진실내구호소
552,서울특별시,금천구,정심초등학교 운동장,서울특별시 금천구 독산동 182-44,2932,126.9085,37.4712,1,지진실내구호소
553,서울특별시,금천구,금빛공원,서울특별시 금천구 금하로 668(시흥동),5827,126.9041,37.4531,1,지진실내구호소
554,서울특별시,금천구,까치공원,서울특별시 금천구 시흥동 959-2,230,126.905,37.4396,1,지진실내구호소
555,서울특별시,금천구,꾸러기공원,서울특별시 금천구 시흥동 943-16,165,126.9059,37.4432,1,지진실내구호소
556,서울특별시,금천구,느티나무상상어린이공원,서울특별시 금천구 시흥동 817-0,939,126.9067,37.4561,1,지진실내구호소
557,서울특별시,금천구,별장길어린이공원,서울특별시 금천구 시흥동 925-32,798,126.9085,37.4481,1,지진실내구호소
558,서울특별시,금천구,비둘기공원,서울특별시 금천구 시흥동 947-4,298,126.9062,37.4415,1,지진실내구호소
559,서울특별시,금천구,산장어린이공원,서울특별시 금천구 시흥동 3-17,678,126.9124,37.4609,1,지진실내구호소
560,서울특별시,금천구,새재미공원,서울특별시 금천구 독산로39길 16(시흥동),997,126.9041,37.4589,1,지진실내구호소
561,서울특별시,금천구,은행어린이공원,서울특별시 금천구 시흥동 836-0,706,126.9069,37.452,1,지진실내구호소
562,서울특별시,금천구,진달래공원,서울특별시 금천구 시흥동 970-3,298,126.9049,37.4348,1,지진실내구호소
563,서울특별시,금천구,해태공원,서울특별시 금천구 시흥동 871-24,962,126.9018,37.4578,1,지진실내구호소
564,서울특별시,금천구,효봉어린이공원,서울특별시 금천구 시흥동 4-28,503,126.9104,37.4606,1,지진실내구호소
565,서울특별시,금천구,금동초등학교 운동장,서울특별시 금천구 시흥동 1013-1,2586,126.9164,37.4474,1,지진실내구호소
566,서울특별시,금천구,금천고등학교,서울특별시 금천구 시흥대로38길 26(시흥동),1967,126.9058,37.4449,1,지진실내구호소
567,서울특별시,금천구,금천초등학교운동장,서울특별시 금천구 시흥동 216-0,2599,126.9124,37.4545,1,지진실내구호소
568,서울특별시,금천구,문백초등학교 운동장,서울특별시 금천구 시흥동 564-5,13312,126.8992,37.4472,1,지진실내구호소
569,서울특별시,금천구,문일고등학교 운동장,서울특별시 금천구 시흥동 559-1,33113,126.8984,37.4493,1,지진실내구호소
570,서울특별시,금천구,백산초등학교운동장,서울특별시 금천구 시흥동 438-5,2984,126.9049,37.447,1,지진실내구호소
571,서울특별시,금천구,서울금산초등학교,서울특별시 금천구 시흥대로24길 57(시흥동),5313,126.9081,37.4418,1,지진실내구호소
572,서울특별시,금천구,시흥초등학교 운동장,서울특별시 금천구 시흥동 841-19,14127,126.9047,37.4547,1,지진실내구호소
573,서울특별시,금천구,신흥초등학교운동장,서울특별시 금천구 시흥동 704-56,3252,126.9087,37.4592,1,지진실내구호소
574,서울특별시,금천구,탑동초등학교 운동장,서울특별시 금천구 시흥동 230-0,2586,126.914,37.4526,1,지진실내구호소
575,서울특별시,금천구,한울중학교 운동장,서울특별시 금천구 시흥동 792-1,2931,126.9071,37.4621,1,지진실내구호소
576,서울특별시,영등포구,영등포근린공원,서울특별시 영등포구 영등포동 582-3,53361.6,126.9107,37.5153,1,지진실내구호소
577,서울특별시,영등포구,영일어린이공원,서울특별시 영등포구 영등포동 647-3,4606,126.9038,37.5101,1,지진실내구호소
578,서울특별시,영등포구,영원중학교 운동장,서울특별시 영등포구 영등포동 576-6,3559,126.9142,37.5158,1,지진실내구호소
579,서울특별시,영등포구,영원초등학교 운동장,서울특별시 영등포구 영등포동 647-2,997.9,126.9023,37.5103,1,지진실내구호소
580,서울특별시,영등포구,중마루근린공원,서울특별시 영등포구 영등포동2가 222-0,5367,126.9113,37.5198,1,지진실내구호소
581,서울특별시,영등포구,중앙어린이공원,서울특별시 영등포구 영등포동6가 65-1,2240,126.9036,37.5213,1,지진실내구호소
582,서울특별시,영등포구,영중초등학교 운동장,서울특별시 영등포구 영등포동7가 53-0,2416,126.9038,37.5233,1,지진실내구호소
583,서울특별시,영등포구,서강어린이공원,서울특별시 영등포구 영등포동8가 28-0,1730,126.9058,37.5258,1,지진실내구호소
584,서울특별시,영등포구,자매공원,서울특별시 영등포구 여의도동 56-0,15594,126.9304,37.5174,1,지진실내구호소
585,서울특별시,영등포구,자유어린이공원(시범아파트),서울특별시 영등포구 여의도동 50-3,552,126.9361,37.5204,1,지진실내구호소
586,서울특별시,영등포구,평화어린이공원,서울특별시 영등포구 여의도동 50-2,1036,126.9381,37.5212,1,지진실내구호소
587,서울특별시,영등포구,여의도고등학교 운동장,서울특별시 영등포구 여의도동 30-1,8796,126.9337,37.5248,1,지진실내구호소
588,서울특별시,영등포구,여의도여자고등학교 운동장,서울특별시 영등포구 여의도동 40-2,4079,126.9349,37.5225,1,지진실내구호소
589,서울특별시,영등포구,여의도중학교 운동장,서울특별시 영등포구 여의도동 40-1,8057,126.9353,37.5236,1,지진실내구호소
590,서울특별시,영등포구,여의도초등학교 운동장,서울특별시 영등포구 여의도동 40-3,4824,126.9366,37.5228,1,지진실내구호소
591,서울특별시,영등포구,윤중중학교 운동장,서울특별시 영등포구 여의도동 38-2,5783,126.9236,37.5186,1,지진실내구호소
592,서울특별시,영등포구,윤중초등학교 운동장,서울특별시 영등포구 여의도동 38-0,6586,126.923,37.5196,1,지진실내구호소
593,서울특별시,영등포구,당산근린공원,서울특별시 영등포구 당산동3가 385-0,6241,126.8957,37.5255,1,지진실내구호소
594,서울특별시,영등포구,당산서중학교 운동장,서울특별시 영등포구 당산동5가 5-0,1792,126.8986,37.5319,1,지진실내구호소
595,서울특별시,영등포구,당서초등학교 운동장,서울특별시 영등포구 당산동5가 5-3,3511,126.8993,37.5314,1,지진실내구호소
596,서울특별시,영등포구,당산중학교 운동장,서울특별시 영등포구 당산동 121-0,3752,126.9074,37.5318,1,지진실내구호소
597,서울특별시,영등포구,영동초등학교 운동장,서울특별시 영등포구 당산동 121-22,3666,126.9071,37.5265,1,지진실내구호소
598,서울특별시,영등포구,고추말어린이공원,서울특별시 영등포구 도림동 23-1,2252,126.907,37.5116,1,지진실내구호소
599,서울특별시,영등포구,도림동 유수지,서울특별시 영등포구 도림동 254-0,14452,126.8972,37.5068,1,지진실내구호소
600,서울특별시,영등포구,영등포초등학교 운동장,서울특별시 영등포구 문래동1가 35-2,7083,126.8983,37.5127,1,지진실내구호소
601,서울특별시,영등포구,문래공원,서울특별시 영등포구 문래동3가 66-0,20762,126.8944,37.5176,1,지진실내구호소
602,서울특별시,영등포구,문래초등학교 운동장,서울특별시 영등포구 문래로 104(문래동3가),4938,126.8933,37.5189,1,지진실내구호소
603,서울특별시,영등포구,양화중학교 운동장,서울특별시 영등포구 문래동3가 48-0,4625,126.8963,37.5192,1,지진실내구호소
604,서울특별시,영등포구,안양천 영롱이 인라인 마당,서울특별시 영등포구 문래동5가 31-0,35178,126.8805,37.5176,1,지진실내구호소
605,서울특별시,영등포구,안양천 영롱이 억새 1~3구장,서울특별시 영등포구 문래동6가 52-0,34434,126.8806,37.5243,1,지진실내구호소
606,서울특별시,영등포구,문래중학교 운동장,서울특별시 영등포구 문래동6가 44-0,7377,126.8841,37.52,1,지진실내구호소
607,서울특별시,영등포구,영문초등학교 운동장,서울특별시 영등포구 문래동6가 13-0,4992,126.8879,37.5195,1,지진실내구호소
608,서울특별시,영등포구,양남어린이공원,서울특별시 영등포구 양평동1가 205-0,900,126.8881,37.5233,1,지진실내구호소
609,서울특별시,영등포구,관악고등학교 운동장,서울특별시 영등포구 양평동2가 23-2,18480,126.8828,37.5213,1,지진실내구호소
610,서울특별시,영등포구,당중초등학교 운동장,서울특별시 영등포구 양평동3가 42-0,17024,126.8901,37.526,1,지진실내구호소
611,서울특별시,영등포구,선유중학교 운동장,서울특별시 영등포구 양평동3가 82-0,4358,126.8943,37.5327,1,지진실내구호소
612,서울특별시,영등포구,선유초등학교 운동장,서울특별시 영등포구 선유로43가길 14(양평동3가),2464,126.8926,37.5325,1,지진실내구호소
613,서울특별시,영등포구,양평어린이공원,서울특별시 영등포구 양평동4가 301-7,2176,126.8981,37.5381,1,지진실내구호소
614,서울특별시,영등포구,당산초등학교 운동장,서울특별시 영등포구 양평동4가 323-0,5085,126.8962,37.5394,1,지진실내구호소
615,서울특별시,영등포구,선유고등학교 운동장,서울특별시 영등포구 양평동4가 10-0,2424,126.895,37.5333,1,지진실내구호소
616,서울특별시,영등포구,한강미디어고등학교 운동장,서울특별시 영등포구 양평동4가 315-1,2244,126.8969,37.5389,1,지진실내구호소
617,서울특별시,영등포구,양평동 체련장,서울특별시 영등포구 양평동5가 128-1,5276,126.8925,37.5425,1,지진실내구호소
618,서울특별시,영등포구,메낙골근린공원,서울특별시 영등포구 신길동 4934-4,3270,126.9152,37.5068,1,지진실내구호소
619,서울특별시,동작구,은로초등학교 운동장,서울특별시 동작구 서달로 115(흑석동),3654,126.9601,37.5037,1,지진실내구호소
620,서울특별시,동작구,중앙대학교사범대학부속중학교 운동장,서울특별시 동작구 서달로 124(흑석동),3598,126.9613,37.5048,1,지진실내구호소
621,서울특별시,동작구,흑석초등학교 운동장,서울특별시 동작구 현충로 87(흑석동),2440,126.965,37.5086,1,지진실내구호소
622,서울특별시,동작구,경문고등학교운동장,서울특별시 동작구 동작대로 171(동작동),10503,126.9816,37.4917,1,지진실내구호소
623,서울특별시,동작구,동작중학교운동장,서울특별시 동작구 동작대로39가길 83(동작동),4180,126.9769,37.4949,1,지진실내구호소
624,서울특별시,동작구,남사초등학교 운동장,서울특별시 동작구 동작대로13길 22(사당동),4274,126.9788,37.4822,1,지진실내구호소
625,서울특별시,동작구,남성중학교 운동장,서울특별시 동작구 남부순환로269길 166(사당동),2450,126.9723,37.4787,1,지진실내구호소
626,서울특별시,동작구,남성초등학교 운동장,서울특별시 동작구 사당로23길 57-14 (사당동),3465,126.9763,37.4842,1,지진실내구호소
627,서울특별시,동작구,수도여자고등학교 운동장,서울특별시 동작구 여의대방로10길 73(신대방동),2904,126.9155,37.4928,1,지진실내구호소
628,서울특별시,관악구,교체어린이공원,서울특별시 관악구 봉천동 196-193,813,126.964,37.4733,1,지진실내구호소
629,서울특별시,관악구,국지어린이공원,서울특별시 관악구 국회단지19길 23(봉천동),1837,126.9406,37.49,1,지진실내구호소
630,서울특별시,관악구,까치산근린공원,서울특별시 관악구 봉천동 산66-1,1294,126.9669,37.4777,1,지진실내구호소
631,서울특별시,관악구,까치어린이공원,서울특별시 관악구 행운4길 2(봉천동),1487,126.9594,37.4798,1,지진실내구호소
632,서울특별시,관악구,낙성대공원,서울특별시 관악구 낙성대로 77(봉천동),5894,126.959,37.4713,1,지진실내구호소
633,서울특별시,관악구,모래내어린이공원,서울특별시 관악구 관악로12길 55(봉천동),1595,126.9556,37.4778,1,지진실내구호소
634,서울특별시,관악구,밤골어린이공원,서울특별시 관악구 봉천동 1642-4,1118,126.9672,37.474,1,지진실내구호소
635,서울특별시,관악구,백설어린이공원,서울특별시 관악구 관악로6길 50(봉천동),1128,126.9536,37.476,1,지진실내구호소
636,서울특별시,관악구,비안어린이공원,서울특별시 관악구 봉천동 1530-14,1131,126.9401,37.4808,1,지진실내구호소
637,서울특별시,관악구,새싹어린이공원,서울특별시 관악구 양녕로6다길 11-4 (봉천동),1490,126.9495,37.4844,1,지진실내구호소
638,서울특별시,관악구,선봉어린이공원,서울특별시 관악구 봉천로27길 20(봉천동),245,126.9396,37.4851,1,지진실내구호소
639,서울특별시,관악구,원당어린이공원,서울특별시 관악구 봉천동 196-240,1647,126.9636,37.4747,1,지진실내구호소
640,서울특별시,관악구,일선어린이공원,서울특별시 관악구 봉천동 1587-7,1028,126.9494,37.4779,1,지진실내구호소
641,서울특별시,관악구,중앙어린이공원,서울특별시 관악구 봉천로41길 35(봉천동),657,126.9482,37.4843,1,지진실내구호소
642,서울특별시,관악구,충효어린이공원,서울특별시 관악구 봉천동 1526-1,1199,126.941,37.481,1,지진실내구호소
643,서울특별시,관악구,관광고등학교 운동장,서울특별시 관악구 은천로15길 25(봉천동),2834,126.9435,37.4884,1,지진실내구호소
644,서울특별시,관악구,관악중학교 운동장,서울특별시 관악구 남부순환로237길 60(봉천동),4507,126.9614,37.4801,1,지진실내구호소
645,서울특별시,관악구,관악초등학교 운동장,서울특별시 관악구 청룡4길 49(봉천동),1793,126.9436,37.4806,1,지진실내구호소
646,서울특별시,관악구,구암고등학교 운동장,서울특별시 관악구 성현로 57(봉천동),1445,126.9507,37.4922,1,지진실내구호소
647,서울특별시,관악구,구암중학교 운동장,서울특별시 관악구 성현로 53(봉천동),2412,126.9475,37.4927,1,지진실내구호소
648,서울특별시,관악구,구암초등학교 운동장,서울특별시 관악구 구암길 1(봉천동),3551,126.9468,37.4891,1,지진실내구호소
649,서울특별시,관악구,당곡고등학교 운동장,서울특별시 관악구 봉천로21길 108(봉천동),3238,126.9343,37.4922,1,지진실내구호소
650,서울특별시,관악구,당곡초등학교 운동장,서울특별시 관악구 보라매로2길 23(봉천동),3305,126.9299,37.49,1,지진실내구호소
651,서울특별시,관악구,문영여자중학교 운동장,서울특별시 관악구 관악로 85(봉천동),2879,126.9514,37.4727,1,지진실내구호소
652,서울특별시,관악구,봉림중학교 운동장,서울특별시 관악구 장군봉길 72(봉천동),6723,126.9387,37.4793,1,지진실내구호소
653,서울특별시,관악구,봉원중학교 운동장,서울특별시 관악구 관악로24가길 15(봉천동),3679,126.9579,37.4843,1,지진실내구호소
654,서울특별시,관악구,봉현초등학교 운동장,서울특별시 관악구 성현로 117(봉천동),830,126.9545,37.4907,1,지진실내구호소
655,서울특별시,관악구,신봉초등학교 운동장,서울특별시 관악구 양녕로6나길 1(봉천동),2636,126.9488,37.485,1,지진실내구호소
656,서울특별시,관악구,영락고등학교 운동장,서울특별시 관악구 청룡16길 25(봉천동),4440,126.9449,37.476,1,지진실내구호소
657,서울특별시,관악구,원당초등학교 운동장,서울특별시 관악구 봉천로 502(봉천동),3388,126.9561,37.4809,1,지진실내구호소
658,서울특별시,관악구,은천초등학교 운동장,서울특별시 관악구 은천로 69(봉천동),1745,126.9429,37.4867,1,지진실내구호소
659,서울특별시,관악구,인헌고등학교 운동장,서울특별시 관악구 인헌9길 74(봉천동),1946,126.9698,37.4718,1,지진실내구호소
660,서울특별시,관악구,인헌중학교 운동장,서울특별시 관악구 인헌9길 35(봉천동),3372,126.9692,37.4728,1,지진실내구호소
661,서울특별시,관악구,인헌초등학교 운동장,서울특별시 관악구 낙성대로 23(봉천동),4804,126.9602,37.4763,1,지진실내구호소
662,서울특별시,관악구,청룡초등학교 운동장,서울특별시 관악구 관악로5길 61(봉천동),3897,126.9513,37.4763,1,지진실내구호소
663,서울특별시,관악구,난향공원(관악산 난곡공원),서울특별시 관악구 신림동 685-4,485,126.9171,37.4656,1,지진실내구호소
664,서울특별시,관악구,남부창의어린이공원,서울특별시 관악구 남부순환로163길 14(신림동),999,126.9205,37.4849,1,지진실내구호소
665,서울특별시,관악구,문성어린이공원,서울특별시 관악구 시흥대로164길 27(신림동),955,126.903,37.4818,1,지진실내구호소
666,서울특별시,관악구,미도어린이공원,서울특별시 관악구 신림동 675-200,649,126.9152,37.4628,1,지진실내구호소
667,서울특별시,관악구,보명어린이공원,서울특별시 관악구 법원단지길 158-11 (신림동),241,126.9256,37.4756,1,지진실내구호소
668,서울특별시,관악구,봉림어린이공원,서울특별시 관악구 신림동 1510-2,885,126.9355,37.4827,1,지진실내구호소
669,서울특별시,관악구,새들어린이공원,서울특별시 관악구 신림동 1441-42,810,126.9257,37.4886,1,지진실내구호소
670,서울특별시,관악구,새빛어린이공원,서울특별시 관악구 신사로10길 29(신림동),320,126.9151,37.4861,1,지진실내구호소
671,서울특별시,관악구,새숲어린이공원,서울특별시 관악구 신림동 539-14,963,126.913,37.4824,1,지진실내구호소
672,서울특별시,관악구,서원어린이공원,서울특별시 관악구 서원3길 10(신림동),1446,126.9334,37.4767,1,지진실내구호소
673,서울특별시,관악구,신림근린공원,서울특별시 관악구 남부순환로152길 53(신림동),19802,126.9176,37.4814,1,지진실내구호소
674,서울특별시,관악구,신화어린이공원,서울특별시 관악구 신림동 408-10,710,126.9357,37.4767,1,지진실내구호소
675,서울특별시,관악구,쑥고개어린이공원,서울특별시 관악구 신림동 1564-68,850,126.9408,37.4758,1,지진실내구호소
676,서울특별시,관악구,장군봉근린공원,서울특별시 관악구 남부순환로194길 81-12 (신림동),4653,126.9365,37.48,1,지진실내구호소
677,서울특별시,관악구,합실어린이공원,서울특별시 관악구 신림동 321-5,1220,126.9269,37.4649,1,지진실내구호소
678,서울특별시,관악구,해태어린이공원,서울특별시 관악구 서림3길 47(신림동),823,126.9405,37.4725,1,지진실내구호소
679,서울특별시,관악구,호박골어린이공원,서울특별시 관악구 신림동 1580-22,959,126.9239,37.4819,1,지진실내구호소
680,서울특별시,관악구,관악산 만남의 광장,서울특별시 관악구 신림로 23(신림동),2753,126.9452,37.4685,1,지진실내구호소
681,서울특별시,영등포구,신길근린공원,서울특별시 영등포구 신길동 341-3,9726,126.9059,37.5016,1,지진실내구호소
682,서울특별시,영등포구,신길유수지,서울특별시 영등포구 신길동 54-6,5577,126.9176,37.5162,1,지진실내구호소
683,서울특별시,영등포구,대길초등학교 운동장,서울특별시 영등포구 신길동 4482-0,4968,126.9143,37.498,1,지진실내구호소
684,서울특별시,영등포구,대방초등학교 운동장,서울특별시 영등포구 신길동 1444,3000,126.9189,37.5022,1,지진실내구호소
685,서울특별시,영등포구,대영고등학교 운동장,서울특별시 영등포구 신길동 336-2,8699,126.906,37.5032,1,지진실내구호소
686,서울특별시,영등포구,대영중학교 운동장,서울특별시 영등포구 신길동 342-49,13810,126.9051,37.5029,1,지진실내구호소
687,서울특별시,영등포구,대영초등학교 운동장,서울특별시 영등포구 신길로23길 43(신길동),11402,126.9055,37.5023,1,지진실내구호소
688,서울특별시,영등포구,도림초등학교 운동장,서울특별시 영등포구 신길동 285-1,2230,126.9075,37.5083,1,지진실내구호소
689,서울특별시,영등포구,영등포여자고등학교 운동장,서울특별시 영등포구 신길동 184-3,2257.7,126.915,37.515,1,지진실내구호소
690,서울특별시,영등포구,영신고등학교 운동장,서울특별시 영등포구 신길동 4656-2,4100,126.9096,37.4973,1,지진실내구호소
691,서울특별시,영등포구,영신초등학교 운동장,서울특별시 영등포구 신길동 121-0,5700,126.9181,37.5097,1,지진실내구호소
692,서울특별시,영등포구,우신초등학교 운동장,서울특별시 영등포구 신길동 210-0,5878,126.912,37.5094,1,지진실내구호소
693,서울특별시,영등포구,장훈고등학교 운동장,서울특별시 영등포구 신길동 176-0,9529,126.9155,37.5135,1,지진실내구호소
694,서울특별시,영등포구,다사랑어린이공원,서울특별시 영등포구 대림동 703-6,1432,126.8994,37.4927,1,지진실내구호소
695,서울특별시,영등포구,대림어린이공원,서울특별시 영등포구 대림동 869-2,6407,126.9032,37.4912,1,지진실내구호소
696,서울특별시,영등포구,동심어린이공원,서울특별시 영등포구 대림동 742-0,2387,126.8973,37.4983,1,지진실내구호소
697,서울특별시,영등포구,두암어린이공원,서울특별시 영등포구 대림동 715-0,1461,126.8973,37.4955,1,지진실내구호소
698,서울특별시,영등포구,신우어린이공원,서울특별시 영등포구 대림동 657-0,2659,126.8992,37.5031,1,지진실내구호소
699,서울특별시,영등포구,원지어린이공원,서울특별시 영등포구 대림동 690-0,4442,126.8995,37.4981,1,지진실내구호소
700,서울특별시,영등포구,대림 체육시설,서울특별시 영등포구 대림동 780-0,9008,126.8947,37.4997,1,지진실내구호소
701,서울특별시,영등포구,대림3동 유수지,서울특별시 영등포구 대림동 611-0,8500,126.895,37.5041,1,지진실내구호소
702,서울특별시,영등포구,대동초등학교 운동장,서울특별시 영등포구 대림동 702-0,6378,126.9001,37.4932,1,지진실내구호소
703,서울특별시,영등포구,대림중학교 운동장,서울특별시 영등포구 대림동 959-0,10265,126.9076,37.4921,1,지진실내구호소
704,서울특별시,영등포구,도신초등학교 운동장,서울특별시 영등포구 대림동 741-3,3044,126.9007,37.4986,1,지진실내구호소
705,서울특별시,영등포구,신대림초등학교 운동장,서울특별시 영등포구 대림동 970-1,7412,126.9056,37.4917,1,지진실내구호소
706,서울특별시,영등포구,신영초등학교 운동장,서울특별시 영등포구 대림동 781-0,3589,126.896,37.5003,1,지진실내구호소
707,서울특별시,영등포구,영남중학교 운동장,서울특별시 영등포구 대림동 735-0,5082,126.8959,37.4974,1,지진실내구호소
708,서울특별시,영등포구,영림초등학교 운동장,서울특별시 영등포구 대림동 993-16,2228,126.9029,37.4871,1,지진실내구호소
709,서울특별시,동작구,노량진근린공원(송학대공원),서울특별시 동작구 노량진동 325-2,11075,126.9438,37.5086,1,지진실내구호소
710,서울특별시,동작구,노량진초등학교 운동장,서울특별시 동작구 장승배기로 160(노량진동),2700,126.9406,37.5112,1,지진실내구호소
711,서울특별시,동작구,강현중학교운동장,서울특별시 동작구 상도로13라길 22(상도동),3215,126.9314,37.5031,1,지진실내구호소
712,서울특별시,동작구,국사봉중학교운동장,서울특별시 동작구 양녕로20길 20(상도동),3062,126.945,37.4937,1,지진실내구호소
713,서울특별시,동작구,상도초등학교 운동장,서울특별시 동작구 성대로21길 62(상도동),1451,126.9373,37.4994,1,지진실내구호소
714,서울특별시,동작구,상현중학교 운동장,서울특별시 동작구 사당로2길 2-19 (상도동),2367,126.9611,37.4938,1,지진실내구호소
715,서울특별시,동작구,숭실대학교 운동장,서울특별시 동작구 상도로 369(상도동),7904,126.956,37.4972,1,지진실내구호소
716,서울특별시,동작구,신상도초등학교 운동장,서울특별시 동작구 장승배기로 14(상도동),2595,126.9437,37.4999,1,지진실내구호소
717,서울특별시,동작구,장승중학교 운동장,서울특별시 동작구 장승배기로10가길 25(상도동),2250,126.9407,37.5034,1,지진실내구호소
718,서울특별시,동작구,강남초등학교 운동장,서울특별시 동작구 강남초등길 15(상도1동),4100,126.9527,37.5059,1,지진실내구호소
719,서울특별시,동작구,노들나루공원,서울특별시 동작구 노량진로 247(본동),44580,126.9548,37.5135,1,지진실내구호소
720,서울특별시,동작구,본동초등학교 운동장,서울특별시 동작구 노량진로26길 16-40 (본동),1400,126.9537,37.5102,1,지진실내구호소
721,서울특별시,동작구,영본초등학교 운동장,서울특별시 동작구 만양로12가길 69(본동),2683,126.9489,37.5106,1,지진실내구호소
722,서울특별시,동작구,동양중학교 운동장,서울특별시 동작구 흑석로9길 94(흑석동),952,126.9562,37.5096,1,지진실내구호소
723,서울특별시,노원구,재현고등학교 운동장,서울특별시 노원구 중계동 129-1,4340,127.0807,37.6608,1,지진실내구호소
724,서울특별시,노원구,재현중학교 운동장,서울특별시 노원구 덕릉로82길 64(중계동),2050,127.0806,37.6609,1,지진실내구호소
725,서울특별시,노원구,중계중학교 운동장,서울특별시 노원구 덕릉로76길 23(중계동),4170,127.0752,37.655,1,지진실내구호소
726,서울특별시,노원구,중계초등학교 운동장,서울특별시 노원구 한글비석로19길 39(중계동),4030,127.0732,37.6574,1,지진실내구호소
727,서울특별시,노원구,중원중학교 운동장,서울특별시 노원구 공릉로 420(중계동),3120,127.0681,37.6438,1,지진실내구호소
728,서울특별시,노원구,중원초등학교 운동장,서울특별시 노원구 섬밭로 316(중계동),4020,127.0628,37.6434,1,지진실내구호소
729,서울특별시,노원구,청계초등학교 운동장,서울특별시 노원구 공릉로 431(중계동),4200,127.0664,37.6444,1,지진실내구호소
730,서울특별시,노원구,청암중고등학교 운동장,서울특별시 노원구 중계동 411-1,1280,127.0741,37.6511,1,지진실내구호소
731,서울특별시,은평구,수색초등학교 운동장,서울특별시 은평구 수색로16길 21(수색동),16943,126.8955,37.5845,1,지진실내구호소
732,서울특별시,은평구,녹번동마을마당,서울특별시 은평구 녹번동 104-7,718,126.9275,37.606,1,지진실내구호소
733,서울특별시,은평구,새록어린이공원,서울특별시 은평구 은평로13길 35(녹번동),958,126.9236,37.6039,1,지진실내구호소
734,서울특별시,은평구,은평평화공원,서울특별시 은평구 녹번동 153-19,6984,126.9233,37.6051,1,지진실내구호소
735,서울특별시,은평구,녹번초등학교 운동장,서울특별시 은평구 녹번로1길 1(녹번동),10200,126.9264,37.6038,1,지진실내구호소
736,서울특별시,은평구,은평초등학교 운동장,서울특별시 은평구 녹번동 40-3,14908,126.9344,37.6016,1,지진실내구호소
737,서울특별시,은평구,불광어린이공원,서울특별시 은평구 불광동 236-5,570,126.9314,37.6163,1,지진실내구호소
738,서울특별시,은평구,연신어린이공원,서울특별시 은평구 통일로78길 31(불광동),1220,126.925,37.6197,1,지진실내구호소
739,서울특별시,은평구,불광중학교 운동장,서울특별시 은평구 불광동 173-0,6985,126.9314,37.623,1,지진실내구호소
740,서울특별시,은평구,불광초등학교 운동장,서울특별시 은평구 불광동 272-2,16000,126.9308,37.6126,1,지진실내구호소
741,서울특별시,은평구,세명컴퓨터고등학교 운동장,서울특별시 은평구 불광동 445-35,2260,126.9234,37.6275,1,지진실내구호소
742,서울특별시,은평구,연광초등학교 운동장,서울특별시 은평구 불광동 400-6,3390,126.9238,37.6236,1,지진실내구호소
743,서울특별시,은평구,연신중학교 운동장,서울특별시 은평구 연서로33길 16-32 (불광동),5635,126.9252,37.6231,1,지진실내구호소
744,서울특별시,은평구,연신초등학교 운동장,서울특별시 은평구 불광동 73-1,3926,126.9284,37.6262,1,지진실내구호소
745,서울특별시,은평구,갈곡리공원,서울특별시 은평구 갈현동 436-51,957,126.9164,37.6239,1,지진실내구호소
746,서울특별시,은평구,궁말공원,서울특별시 은평구 갈현동 327-21,1009,126.9089,37.6169,1,지진실내구호소
747,서울특별시,은평구,길마공원,서울특별시 은평구 갈현동 474-1,1590,126.9158,37.6147,1,지진실내구호소
748,서울특별시,은평구,박석공원,서울특별시 은평구 갈현동 416-3,738,126.9185,37.6251,1,지진실내구호소
749,서울특별시,은평구,서갈현공원,서울특별시 은평구 갈현동 434-38,1428,126.9157,37.6215,1,지진실내구호소
750,서울특별시,은평구,앵봉산주민쉼터,서울특별시 은평구 갈현동 산49-22,704,126.9122,37.6243,1,지진실내구호소
751,서울특별시,은평구,좌월공원,서울특별시 은평구 갈현동 513-1,1321,126.9133,37.6173,1,지진실내구호소
752,서울특별시,은평구,갈현초등학교 운동장,서울특별시 은평구 갈현동 451-15,11702,126.9167,37.6192,1,지진실내구호소
753,서울특별시,은평구,선정고등학교 운동장,서울특별시 은평구 갈현동 227-5,28574,126.9088,37.618,1,지진실내구호소
754,서울특별시,은평구,구산중학교 운동장,서울특별시 은평구 구산동 182-45,4680,126.9091,37.6092,1,지진실내구호소
755,서울특별시,은평구,구산초등학교 운동장,서울특별시 은평구 구산동 145-2,8588,126.9095,37.6123,1,지진실내구호소
756,서울특별시,은평구,예일여자고등학교 운동장,서울특별시 은평구 연서로 117(구산동),6569,126.9152,37.6101,1,지진실내구호소
757,서울특별시,은평구,은평고등학교 운동장,서울특별시 은평구 갈현로15길 47(구산동),1350,126.9061,37.6089,1,지진실내구호소
758,서울특별시,은평구,은평중학교  운동장,서울특별시 은평구 구산동 182-44,6612,126.9092,37.6104,1,지진실내구호소
759,서울특별시,은평구,대조공원,서울특별시 은평구 대조동 212-0,3294,126.9198,37.6154,1,지진실내구호소
760,서울특별시,은평구,대은초등학교 운동장,서울특별시 은평구 통일로69길 12-15 (대조동),9366,126.9262,37.6116,1,지진실내구호소
761,서울특별시,은평구,대조초등학교 운동장,서울특별시 은평구 대조동 212-1,14207,126.9195,37.6126,1,지진실내구호소
762,서울특별시,은평구,동명여자고등학교 운동장,서울특별시 은평구 대조동 91-20,30554,126.9239,37.6139,1,지진실내구호소
763,서울특별시,은평구,응암9어린이공원,서울특별시 은평구 응암동 761-3,2254,126.9229,37.5868,1,지진실내구호소
764,서울특별시,은평구,응암어린이공원,서울특별시 은평구 은평로11길 10(응암동),836,126.9235,37.6016,1,지진실내구호소
765,서울특별시,은평구,참다래어린이공원,서울특별시 은평구 응암동 120-22,860,126.9173,37.5953,1,지진실내구호소
766,서울특별시,은평구,신진과학기술고등학교 운동장,서울특별시 은평구 응암동 114-1,2478,126.9181,37.5984,1,지진실내구호소
767,서울특별시,은평구,연은초등학교 운동장,서울특별시 은평구 백련산로2길 35(응암동),889,126.9251,37.5901,1,지진실내구호소
768,서울특별시,은평구,영락중학교 운동장,"서울특별시 은평구 백련산로 126-2 (응암동, )",3240,126.9252,37.5963,1,지진실내구호소
769,서울특별시,은평구,은명초등학교 운동장,서울특별시 은평구 은평로4길 21-9 (응암동),1920,126.9186,37.5973,1,지진실내구호소
770,서울특별시,은평구,은평문화예술정보학교 운동장,서울특별시 은평구 가좌로 208(응암동),1000,126.919,37.5892,1,지진실내구호소
771,서울특별시,은평구,응암초등학교 운동장,서울특별시 은평구 가좌로6길 20(응암동),2000,126.921,37.5882,1,지진실내구호소
772,서울특별시,은평구,충암초중고등학교 운동장,서울특별시 은평구 가좌로5길 5(응암동),9300,126.9214,37.5855,1,지진실내구호소
773,서울특별시,은평구,역말어린이공원,서울특별시 은평구 역촌동 47-1,944,126.914,37.6068,1,지진실내구호소
774,서울특별시,은평구,새락골어린이공원,서울특별시 은평구 신사동 5-21,538,126.9111,37.5989,1,지진실내구호소
775,서울특별시,은평구,신흥어린이공원,서울특별시 은평구 신사동 31-2,696,126.9118,37.596,1,지진실내구호소
776,서울특별시,은평구,덕산중학교 운동장,서울특별시 은평구 가좌로 400(신사동),3411,126.9041,37.6016,1,지진실내구호소
777,서울특별시,은평구,상신중학교 운동장,서울특별시 은평구 신사동 141-0,2188,126.9063,37.59,1,지진실내구호소
778,서울특별시,은평구,상신초등학교 운동장,서울특별시 은평구 가좌로 361(신사동),1973,126.905,37.5977,1,지진실내구호소
779,서울특별시,은평구,서신초등학교 운동장,서울특별시 은평구 은평터널로 150(신사동),1092,126.9072,37.5921,1,지진실내구호소
780,서울특별시,은평구,신사초등학교 운동장,서울특별시 은평구 신사동 98-32,1555,126.9123,37.5927,1,지진실내구호소
781,서울특별시,은평구,분토골공원,서울특별시 은평구 증산동 163-34,1360,126.9116,37.5867,1,지진실내구호소
782,서울특별시,은평구,시루뫼어린이공원,서울특별시 은평구 증산동 185-1,852,126.9065,37.5828,1,지진실내구호소
783,서울특별시,은평구,증산중학교 운동장,서울특별시 은평구 증산로5길 27-30 (증산동),3781,126.9043,37.5835,1,지진실내구호소
784,서울특별시,은평구,증산초등학교 운동장,서울특별시 은평구 증산서길 61(증산동),2224,126.9048,37.5821,1,지진실내구호소
785,서울특별시,은평구,금암문화공원(은평뉴타운 제1호 문화공원),서울특별시 은평구 진관동 53-5,6587,126.918,37.6442,1,지진실내구호소
786,서울특별시,은평구,기자촌근린공원,서울특별시 은평구 진관동 산106-17,128954,126.9362,37.6344,1,지진실내구호소
787,서울특별시,은평구,신도초등학교 운동장,서울특별시 은평구 진관1로 77-23 (진관동),1583,126.9289,37.6325,1,지진실내구호소
788,서울특별시,은평구,은빛초등학교 운동장,서울특별시 은평구 진관3로 73-17 (진관동),1512,126.9191,37.6422,1,지진실내구호소
789,서울특별시,은평구,은진초등학교 운동장,서울특별시 은평구 진관동 231-11,2000,126.9214,37.6329,1,지진실내구호소
790,서울특별시,은평구,진관중학교 운동장,서울특별시 은평구 진관4로 36(진관동),1960,126.926,37.6438,1,지진실내구호소
791,서울특별시,은평구,진관초등학교 운동장,서울특별시 은평구 진관동 14-22,1830,126.9294,37.6448,1,지진실내구호소
792,서울특별시,서대문구,인창고등학교운동장,서울특별시 서대문구 경기대로 65(충정로2가),10537,126.9636,37.565,1,지진실내구호소
793,서울특별시,서대문구,인창중학교 운동장,서울특별시 서대문구 충정로2가 70-0,10464,126.9636,37.565,1,지진실내구호소
794,서울특별시,서대문구,미동초등학교 운동장,서울특별시 서대문구 충정로 52(미근동),1529,126.9658,37.5628,1,지진실내구호소
795,서울특별시,서대문구,감리교신학대 운동장,서울특별시 서대문구 냉천동 31,846,126.963,37.5671,1,지진실내구호소
796,서울특별시,서대문구,금화초등학교 운동장,서울특별시 서대문구 통일로 165(천연동),886,126.9632,37.5685,1,지진실내구호소
797,서울특별시,서대문구,동명여자중학교 운동장,서울특별시 서대문구 천연동 31-1,2000,126.9623,37.5683,1,지진실내구호소
798,서울특별시,서대문구,독립문문화공원,서울특별시 서대문구 영천동 263,2600,126.9603,37.5715,1,지진실내구호소
799,서울특별시,서대문구,서대문독립공원,서울특별시 서대문구 독립문공원길 80(현저동),103713,126.9561,37.574,1,지진실내구호소
800,서울특별시,서대문구,북성초등학교 운동장,서울특별시 서대문구 북아현로1나길 22(북아현동),3300,126.952,37.559,1,지진실내구호소
801,서울특별시,서대문구,중앙여자고등학교 운동장,서울특별시 서대문구 북아현로11가길 7(북아현동),5150,126.9532,37.562,1,지진실내구호소
802,서울특별시,서대문구,한성중고등학교 운동장,서울특별시 서대문구 북아현동 170-1,12625,126.9545,37.5603,1,지진실내구호소
803,서울특별시,서대문구,문화소공원,서울특별시 서대문구 홍제동 280-2,1456,126.9488,37.5945,1,지진실내구호소
804,서울특별시,서대문구,고은초등학교 운동장,서울특별시 서대문구 모래내로 441(홍제동),954,126.9436,37.5847,1,지진실내구호소
805,서울특별시,서대문구,서울여자간호대학교 운동장,서울특별시 서대문구 간호대로 38(홍제동),4534,126.9473,37.5975,1,지진실내구호소
806,서울특별시,서대문구,안산초등학교 운동장,서울특별시 서대문구 통일로 321(홍제동),1931,126.9516,37.5793,1,지진실내구호소
807,서울특별시,서대문구,인왕중학교 운동장,서울특별시 서대문구 세검정로4길 69(홍제동),3934,126.9525,37.5928,1,지진실내구호소
808,서울특별시,서대문구,인왕초등학교 운동장,서울특별시 서대문구 세무서길 33-9 (홍제동),3596,126.9451,37.5904,1,지진실내구호소
809,서울특별시,서대문구,홍은초등학교 운동장,서울특별시 서대문구 세검정로 105(홍제동),1299,126.9496,37.5972,1,지진실내구호소
810,서울특별시,서대문구,신촌역 동측광장 공영주차장,서울특별시 서대문구 대현동 121-19,2000,126.943,37.5593,1,지진실내구호소
811,서울특별시,서대문구,대신초등학교 운동장,서울특별시 서대문구 이화여대2길 27(대현동),1011,126.9474,37.5576,1,지진실내구호소
812,서울특별시,서대문구,이화금란고등학교 운동장,서울특별시 서대문구 성산로 560(대신동),3288,126.9471,37.5656,1,지진실내구호소
813,서울특별시,서대문구,이화금란중학교 운동장,서울특별시 서대문구 성산로 560(대신동),8514,126.944,37.5626,1,지진실내구호소
814,서울특별시,서대문구,연세대학교 운동장,서울특별시 서대문구 연세로 50(신촌동),12645,126.9334,37.5622,1,지진실내구호소
815,서울특별시,서대문구,창서초등학교 운동장,서울특별시 서대문구 연세로5나길 30-3 (창천동),2874,126.934,37.5575,1,지진실내구호소
816,서울특별시,서대문구,서연중학교 운동장,서울특별시 서대문구 연희로11마길 9-6 (연희동),1581,126.9278,37.5682,1,지진실내구호소
817,서울특별시,서대문구,신연중학교 운동장,서울특별시 서대문구 모래내로 408(연희동),4537,126.9399,37.5833,1,지진실내구호소
818,서울특별시,서대문구,연북중학교 운동장,서울특별시 서대문구 연희로36길 32(연희동),6087,126.9375,37.5776,1,지진실내구호소
819,서울특별시,서대문구,연희초등학교 운동장,서울특별시 서대문구 연희로 136(연희동),1257,126.9335,37.569,1,지진실내구호소
820,서울특별시,서대문구,명지고등학교 운동장,서울특별시 서대문구 명지2길 56(홍은동),3624,126.927,37.584,1,지진실내구호소
821,서울특별시,서대문구,명지전문대 운동장,서울특별시 서대문구 가좌로 134(홍은동),4556,126.9253,37.5837,1,지진실내구호소
822,서울특별시,양천구,태양어린이공원,서울특별시 양천구 오목로3길 34(신월동),998,126.8385,37.5244,1,지진실내구호소
823,서울특별시,양천구,한울근린공원,서울특별시 양천구 지양로7길 27-5 (신월동),313,126.8321,37.5198,1,지진실내구호소
824,서울특별시,양천구,신월1동휴게공간(마을마당),서울특별시 양천구 곰달래로3길 13(신월동),1396,126.8331,37.5306,1,지진실내구호소
825,서울특별시,양천구,강서초등학교 운동장,서울특별시 양천구 신월동 441-0,3927,126.8404,37.5221,1,지진실내구호소
826,서울특별시,양천구,강신중학교 운동장,서울특별시 양천구 신월동 1010-0,4542,126.8391,37.5143,1,지진실내구호소
827,서울특별시,양천구,강신초등학교 운동장,서울특별시 양천구 신월동 6-7,2570,126.8292,37.5425,1,지진실내구호소
828,서울특별시,양천구,강월초등학교 운동장,서울특별시 양천구 신월동 987-3,4528,126.8341,37.516,1,지진실내구호소
829,서울특별시,양천구,신강초등학교 운동장,서울특별시 양천구 신월동 448-5,2706,126.8416,37.5258,1,지진실내구호소
830,서울특별시,양천구,신남중학교 운동장,서울특별시 양천구 신월동 609-7,2227,126.8478,37.5204,1,지진실내구호소
831,서울특별시,양천구,신남초등학교 운동장,서울특별시 양천구 신월동 587-0,3778,126.8447,37.5159,1,지진실내구호소
832,서울특별시,양천구,신원초등학교 운동장,서울특별시 양천구 신월동 202-1,2560,126.8304,37.5296,1,지진실내구호소
833,서울특별시,양천구,신월중학교 운동장,서울특별시 양천구 신월동 17-6,6489,126.8289,37.5404,1,지진실내구호소
834,서울특별시,양천구,신화중학교 운동장,서울특별시 양천구 신월동 17-7,3665,126.83,37.5405,1,지진실내구호소
835,서울특별시,양천구,양강중학교 운동장,서울특별시 양천구 신월동 499-2,6924,126.8495,37.5243,1,지진실내구호소
836,서울특별시,양천구,양강초등학교 운동장,서울특별시 양천구 신월동 495-1,4472,126.8481,37.5239,1,지진실내구호소
837,서울특별시,양천구,양서중학교 운동장,서울특별시 양천구 신월동 169-4,2109,126.8295,37.5328,1,지진실내구호소
838,서울특별시,양천구,양천중학교 운동장,서울특별시 양천구 신월동 948-0,3463,126.8308,37.5201,1,지진실내구호소
839,서울특별시,강서구,백합공원,서울특별시 강서구 염창동 267-24,852,126.8693,37.5511,1,지진실내구호소
840,서울특별시,강서구,서울염창초등학교 운동장,서울특별시 강서구 양천로 646-28 (염창동),3649,126.8679,37.5528,1,지진실내구호소
841,서울특별시,강서구,염경중학교 운동장,서울특별시 강서구 염창동 79-8,2352,126.8708,37.5542,1,지진실내구호소
842,서울특별시,강서구,염경초등학교운동장,서울특별시 강서구 양천로69길 49(염창동),1566,126.8713,37.5546,1,지진실내구호소
843,서울특별시,강서구,염창중학교 운동장,서울특별시 강서구 양천로67가길 83(염창동),3663,126.8719,37.5535,1,지진실내구호소
844,서울특별시,강서구,능안공원,서울특별시 강서구 등촌로39마길 3(등촌동),707,126.86,37.5464,1,지진실내구호소
845,서울특별시,강서구,등마루공원,서울특별시 강서구 등촌동 641-5,969,126.8573,37.556,1,지진실내구호소
846,서울특별시,강서구,등촌근린공원,서울특별시 강서구 강서로62길 35(등촌동),10052,126.8417,37.5633,1,지진실내구호소
847,서울특별시,강서구,백석어린이공원,서울특별시 강서구 등촌동 646-41,928,126.8635,37.5526,1,지진실내구호소
848,서울특별시,강서구,새나라공원,서울특별시 강서구 등촌동 707-2,1563,126.852,37.5615,1,지진실내구호소
849,서울특별시,강서구,서낭당근린공원,서울특별시 강서구 공항대로43길 46(등촌동),10249,126.8499,37.5585,1,지진실내구호소
850,서울특별시,강서구,원당근린공원,서울특별시 강서구 강서로56길 49(등촌동),10096,126.842,37.5597,1,지진실내구호소
851,서울특별시,강서구,등마초등학교 운동장,서울특별시 강서구 등촌동 718-0,2627,126.862,37.5419,1,지진실내구호소
852,서울특별시,강서구,등명중학교 운동장,서울특별시 강서구 공항대로39길 39(등촌동),4099,126.8431,37.5596,1,지진실내구호소
853,서울특별시,강서구,등원중학교 운동장,서울특별시 강서구 화곡로65길 50(등촌동),2838,126.8513,37.5593,1,지진실내구호소
854,서울특별시,강서구,등촌고등학교 운동장,서울특별시 강서구 공항대로39길 115(등촌동),3104,126.8444,37.5625,1,지진실내구호소
855,서울특별시,강서구,등촌중학교운동장,서울특별시 강서구 등촌동 534-9,6692,126.8598,37.5518,1,지진실내구호소
856,서울특별시,강서구,등촌초등학교운동장,서울특별시 강서구 등촌동 520-4,4356,126.8583,37.5476,1,지진실내구호소
857,서울특별시,강서구,등현초등학교운동장,서울특별시 강서구 등촌동 702-5,1980,126.8478,37.561,1,지진실내구호소
858,서울특별시,강서구,마포고등학교 운동장,서울특별시 강서구 화곡로 403(등촌동),6399,126.8528,37.5589,1,지진실내구호소
859,서울특별시,강서구,백석중학교 운동장,서울특별시 강서구 등촌로51나길 35(등촌동),1658,126.8593,37.548,1,지진실내구호소
860,서울특별시,강서구,백석초등학교운동장,서울특별시 강서구 등촌동 650-14,3409,126.862,37.5532,1,지진실내구호소
861,서울특별시,강서구,서울등명초등학교 운동장,서울특별시 강서구 강서로56나길 34(등촌동),3032,126.842,37.5604,1,지진실내구호소
862,서울특별시,강서구,서울등양초등학교 운동장,서울특별시 강서구 강서로56나길 140(등촌동),3437,126.8446,37.5646,1,지진실내구호소
863,서울특별시,강서구,서울등원초등학교 운동장,서울특별시 강서구 화곡로65길 90(등촌동),2207,126.8496,37.5603,1,지진실내구호소
864,서울특별시,강서구,영일고등학교 운동장,서울특별시 강서구 등촌로51가길 26(등촌동),2332,126.8617,37.5479,1,지진실내구호소
865,서울특별시,강서구,유석초등학교 운동장,서울특별시 강서구 화곡로69길 9(등촌동),2503,126.8536,37.5605,1,지진실내구호소
866,서울특별시,강서구,골말어린이공원,서울특별시 강서구 곰달래로45길 17(화곡동),977,126.8561,37.5332,1,지진실내구호소
867,서울특별시,강서구,구름공원,서울특별시 강서구 화곡동 98-22,833,126.844,37.5433,1,지진실내구호소
868,서울특별시,강서구,까치어린이공원,서울특별시 강서구 화곡동 354-14,1193,126.8418,37.5334,1,지진실내구호소
869,서울특별시,강서구,꿈돌이 어린이공원,서울특별시 강서구 화곡로 234(화곡동),1549,126.8453,37.5459,1,지진실내구호소
870,서울특별시,강서구,노을 공원,서울특별시 강서구 화곡동 105-194,999,126.8439,37.5398,1,지진실내구호소
871,서울특별시,강서구,능골공원,서울특별시 강서구 화곡동 468-1,997,126.8552,37.5367,1,지진실내구호소
872,서울특별시,강서구,달빛공원,서울특별시 강서구 화곡동 783-1,976,126.8629,37.5311,1,지진실내구호소
873,서울특별시,강서구,더부리어린이공원,서울특별시 강서구 화곡동 339-19,1364,126.8467,37.5348,1,지진실내구호소
874,서울특별시,강서구,두레어린이공원,서울특별시 강서구 강서로8길 203(화곡동),986,126.8593,37.5312,1,지진실내구호소
875,서울특별시,강서구,뜸부기공원,서울특별시 강서구 화곡동 845-19,998,126.8569,37.5301,1,지진실내구호소
876,서울특별시,강서구,모태어린이공원,서울특별시 강서구 화곡동 892-17,1003,126.8495,37.5295,1,지진실내구호소
877,서울특별시,강서구,무지개어린이공원,서울특별시 강서구 화곡동 806-10,976,126.8612,37.5339,1,지진실내구호소
878,서울특별시,강서구,미리내공원,서울특별시 강서구 화곡동 1008-32,968,126.8347,37.5476,1,지진실내구호소
879,서울특별시,강서구,바탕골공원,서울특별시 강서구 강서로45다길 74(화곡동),887,126.8347,37.5445,1,지진실내구호소
880,서울특별시,강서구,배다리공원,서울특별시 강서구 화곡동 341-24,1630,126.8482,37.5321,1,지진실내구호소
881,서울특별시,강서구,볏골어린이공원,서울특별시 강서구 까치산로4길 22(화곡동),4163,126.8443,37.5414,1,지진실내구호소
882,서울특별시,강서구,소나무 공원,서울특별시 강서구 까치산로15길 17(화곡동),876,126.8478,37.547,1,지진실내구호소
883,서울특별시,강서구,솔뫼공원,서울특별시 강서구 가로공원로77길 30(화곡동),2097,126.8384,37.5378,1,지진실내구호소
884,서울특별시,강서구,수명어린이공원,서울특별시 강서구 화곡로15길 18(화곡동),880,126.8344,37.5408,1,지진실내구호소
885,서울특별시,강서구,안골어린이공원,서울특별시 강서구 강서로18아길 15-9 (화곡동),2382,126.8508,37.5357,1,지진실내구호소
886,서울특별시,강서구,역말어린이공원,서울특별시 강서구 화곡로44가길 52-4 (화곡동),1493,126.8487,37.5496,1,지진실내구호소
887,서울특별시,강서구,천사어린이공원,서울특별시 강서구 화곡동 1139-1,2395,126.8329,37.5469,1,지진실내구호소
888,서울특별시,강서구,큰별공원,서울특별시 강서구 화곡동 46-41,1081,126.8489,37.5444,1,지진실내구호소
889,서울특별시,강서구,필마공원,"서울특별시 강서구 곰달래로15가길 34-14 (화곡동, 동양주택)",1056,126.8387,37.5315,1,지진실내구호소
890,서울특별시,강서구,하마터어린이공원,서울특별시 강서구 곰달래로36길 22(화곡동),1026,126.8536,37.53,1,지진실내구호소
891,서울특별시,강서구,호돌이공원,서울특별시 강서구 화곡동 906-26,661,126.8459,37.5282,1,지진실내구호소
892,서울특별시,강서구,등서초등학교 운동장,서울특별시 강서구 화곡동 1130-4,5052,126.8548,37.5515,1,지진실내구호소
893,서울특별시,강서구,신곡초등학교운동장,서울특별시 강서구 화곡동 476-42,3100,126.8558,37.5386,1,지진실내구호소
894,서울특별시,강서구,신월초등학교운동장,서울특별시 강서구 화곡동 1080,5182,126.8391,37.5399,1,지진실내구호소
895,서울특별시,강서구,신정고등학교 운동장,서울특별시 강서구 등촌로13아길 20(화곡동),3561,126.8573,37.5379,1,지진실내구호소
896,서울특별시,강서구,신정초등학교운동장,서울특별시 강서구 화곡동 869-42,17322,126.8526,37.5324,1,지진실내구호소
897,서울특별시,강서구,우장초등학교운동장,서울특별시 강서구 화곡동 18-5,2375,126.8463,37.5488,1,지진실내구호소
898,서울특별시,강서구,월정초등학교운동장,서울특별시 강서구 화곡동 374-1,3336,126.8363,37.5344,1,지진실내구호소
899,서울특별시,강서구,한광고등학교 운동장,서울특별시 강서구 등촌로13길 110(화곡동),2652,126.8584,37.5384,1,지진실내구호소
900,서울특별시,강서구,화곡초등학교운동장,서울특별시 강서구 화곡동 24-266,5290,126.8461,37.5432,1,지진실내구호소
901,서울특별시,강서구,화원중학교운동장,서울특별시 강서구 화곡동 351-94,2230,126.8422,37.5365,1,지진실내구호소
902,서울특별시,강서구,공암나루근린공원,서울특별시 강서구 강서로80길 117(가양동),24176,126.8497,37.5704,1,지진실내구호소
903,서울특별시,강서구,나들이공원,서울특별시 강서구 가양동 1459-1,1496,126.8442,37.5718,1,지진실내구호소
904,서울특별시,강서구,허준근린공원,서울특별시 강서구 허준로5길 42(가양동),29844,126.8524,37.5678,1,지진실내구호소
905,서울특별시,강서구,황금내근린공원,서울특별시 강서구 양천로61길 101(가양동),29048,126.8637,37.562,1,지진실내구호소
906,서울특별시,강서구,가양초등학교운동장,서울특별시 강서구 가양동 1484,3169,126.8593,37.5615,1,지진실내구호소
907,서울특별시,강서구,경서중학교 운동장,서울특별시 강서구 양천로59길 31(가양동),2834,126.8588,37.5608,1,지진실내구호소
908,서울특별시,강서구,동양고등학교 운동장,서울특별시 강서구 허준로 50(가양동),3077,126.8477,37.5688,1,지진실내구호소
909,서울특별시,강서구,서울시교육청학생교육원(구.공진중학교),서울특별시 강서구 양천로55길 56(가양동),2424,126.8507,37.5662,1,지진실내구호소
910,서울특별시,강서구,서울탑산초등학교 운동장,서울특별시 강서구 허준로 109(가양동),2379,126.8524,37.5666,1,지진실내구호소
911,서울특별시,강서구,성재중학교 운동장,서울특별시 강서구 허준로 36(가양동),3304,126.846,37.5692,1,지진실내구호소
912,서울특별시,강서구,세현고등학교 운동장,서울특별시 강서구 허준로 227(가양동),1857,126.864,37.56,1,지진실내구호소
913,서울특별시,강서구,양천초등학교운동장,서울특별시 강서구 가양동 272-11,11450,126.8397,37.5698,1,지진실내구호소
914,서울특별시,강서구,영등포공업고등학교 운동장,서울특별시 강서구 허준로5길 15(가양동),3168,126.8502,37.5693,1,지진실내구호소
915,서울특별시,강서구,마곡하늬공원,서울특별시 강서구 마곡서로 13(마곡동),20078,126.821,37.5569,1,지진실내구호소
916,서울특별시,강서구,개화초등학교운동장,서울특별시 강서구 마곡동 501,2380,126.8044,37.5734,1,지진실내구호소
917,서울특별시,강서구,마곡중학교 운동장,서울특별시 강서구 마곡중앙5로 58(마곡동),2310,126.8213,37.5674,1,지진실내구호소
918,서울특별시,강서구,서울공진초등학교 운동장,서울특별시 강서구 마곡서로 33(마곡동),2479,126.8231,37.5578,1,지진실내구호소
919,서울특별시,강서구,서울공항초등학교 운동장,서울특별시 강서구 마곡서1로 68(마곡동),2316,126.8217,37.5626,1,지진실내구호소
920,서울특별시,서대문구,명지중학교 운동장,서울특별시 서대문구 명지2길 56(홍은동),738,126.9271,37.584,1,지진실내구호소
921,서울특별시,서대문구,정원여자중학교 운동장,서울특별시 서대문구 연희로37안길 51(홍은동),813,126.9331,37.5853,1,지진실내구호소
922,서울특별시,서대문구,홍연초등학교 운동장,서울특별시 서대문구 백련사길 55(홍은동),560,126.931,37.5815,1,지진실내구호소
923,서울특별시,서대문구,홍은중학교 운동장,서울특별시 서대문구 연희로41길 94(홍은동),586,126.9353,37.5922,1,지진실내구호소
924,서울특별시,서대문구,홍제초등학교 운동장,서울특별시 서대문구 홍은중앙로 13(홍은동),639,126.9449,37.5931,1,지진실내구호소
925,서울특별시,서대문구,나비울어린이공원,서울특별시 서대문구 북가좌동 168-32,6653,126.91,37.5747,1,지진실내구호소
926,서울특별시,서대문구,은가어린이공원,서울특별시 서대문구 북가좌동 3-39,1312,126.9194,37.5827,1,지진실내구호소
927,서울특별시,서대문구,중앙근린공원,서울특별시 서대문구 북가좌동 105-8,10856,126.9138,37.575,1,지진실내구호소
928,서울특별시,서대문구,가재울고등학교 운동장,서울특별시 서대문구 수색로 100-35 (북가좌동),888,126.9092,37.5739,1,지진실내구호소
929,서울특별시,서대문구,북가좌초등학교 운동장,서울특별시 서대문구 거북골로19길 20(북가좌동),2544,126.9079,37.5781,1,지진실내구호소
930,서울특별시,서대문구,가재울어린이공원,서울특별시 서대문구 남가좌동 123,9125,126.9104,37.5824,1,지진실내구호소
931,서울특별시,서대문구,모래내쉼터,서울특별시 서대문구 남가좌동 382-12,1386,126.9165,37.5705,1,지진실내구호소
932,서울특별시,서대문구,가재울초등학교 운동장,서울특별시 서대문구 남가좌동 164-1,2215,126.9183,37.5734,1,지진실내구호소
933,서울특별시,서대문구,명지대학교 운동장,서울특별시 서대문구 거북골로 34(남가좌동),3315,126.9226,37.5802,1,지진실내구호소
934,서울특별시,서대문구,연가초등학교 운동장,서울특별시 서대문구 증가로12가길 49-50 (남가좌동),2401,126.9181,37.5797,1,지진실내구호소
935,서울특별시,서대문구,연희중학교 운동장,서울특별시 서대문구 증가로 170(남가좌동),3290,126.9189,37.5791,1,지진실내구호소
936,서울특별시,마포구,쌍룡산어린이공원,서울특별시 마포구 아현동 769,647,126.9507,37.5522,1,지진실내구호소
937,서울특별시,마포구,아현녹지쉼터,서울특별시 마포구 아현동 704-0,6745,126.9627,37.557,1,지진실내구호소
938,서울특별시,마포구,소의초등학교 운동장,서울특별시 마포구 마포대로24길 42(아현동),2722,126.9611,37.5521,1,지진실내구호소
939,서울특별시,마포구,아현중학교 운동장,서울특별시 마포구 마포대로 247(아현동),4596,126.9571,37.5564,1,지진실내구호소
940,서울특별시,마포구,아현초등학교 운동장,서울특별시 마포구 굴레방로 6(아현동),4191,126.9569,37.5552,1,지진실내구호소
941,서울특별시,마포구,공덕역어린이공원,서울특별시 마포구 공덕동 467-1,2435,126.9512,37.545,1,지진실내구호소
942,서울특별시,마포구,큰더기어린이공원,서울특별시 마포구 공덕동 470-1,1514,126.9532,37.5505,1,지진실내구호소
943,서울특별시,마포구,공덕소공원(법원및쉼터),서울특별시 마포구 공덕동 475-1,689,126.9545,37.5484,1,지진실내구호소
944,서울특별시,마포구,공덕초등학교 운동장,서울특별시 마포구 만리재옛길 13(공덕동),5141,126.9541,37.5457,1,지진실내구호소
945,서울특별시,마포구,도화소어린이공원,서울특별시 마포구 토정로37길 22(도화동),2098,126.9454,37.541,1,지진실내구호소
946,서울특별시,마포구,삼개어린이공원,서울특별시 마포구 토정로37길 12(도화동),2314,126.9451,37.5406,1,지진실내구호소
947,서울특별시,마포구,마포초등학교 운동장,서울특별시 마포구 도화2길 64(도화동),2077,126.9495,37.5379,1,지진실내구호소
948,서울특별시,마포구,토정어린이공원,서울특별시 마포구 용강동 63-1,1965,126.9433,37.5406,1,지진실내구호소
949,서울특별시,마포구,마포어린이공원,서울특별시 마포구 마포대로4다길 30(마포동),1193,126.9437,37.5356,1,지진실내구호소
950,서울특별시,마포구,용강쉼터,서울특별시 마포구 대흥동 804-2,673,126.9406,37.5486,1,지진실내구호소
951,서울특별시,마포구,이대녹지쉼터,서울특별시 마포구 대흥동 2-1,767,126.9463,37.5564,1,지진실내구호소
952,서울특별시,마포구,숭문중고등학교 운동장,서울특별시 마포구 숭문길 99(대흥동),8782,126.9457,37.5515,1,지진실내구호소
953,서울특별시,마포구,용강초등학교 운동장,서울특별시 마포구 백범로17길 9(대흥동),3588,126.9437,37.5485,1,지진실내구호소
954,서울특별시,마포구,염리초등학교 운동장,서울특별시 마포구 토정로37길 37(염리동),2997,126.9457,37.5423,1,지진실내구호소
955,서울특별시,마포구,한서초등학교 운동장,서울특별시 마포구 대흥로24바길 27(염리동),2571,126.9491,37.5533,1,지진실내구호소
956,서울특별시,마포구,창천초등학교 운동장,서울특별시 마포구 백범로1길 56(노고산동),3544,126.9395,37.5544,1,지진실내구호소
957,서울특별시,마포구,경남아너스빌쉼터,서울특별시 마포구 신수동 456-1,624,126.9336,37.5488,1,지진실내구호소
958,서울특별시,마포구,광성고등학교 운동장,서울특별시 마포구 신수로8길 20(신수동),2880,126.9364,37.5484,1,지진실내구호소
959,서울특별시,마포구,신석초등학교 운동장,서울특별시 마포구 대흥로 33(신수동),1355,126.9379,37.544,1,지진실내구호소
960,서울특별시,마포구,신수중학교 운동장,서울특별시 마포구 신수로 49(신수동),4138,126.9338,37.5459,1,지진실내구호소
961,서울특별시,마포구,현석어린이공원,서울특별시 마포구 현석동 1-5,1595,126.9332,37.5443,1,지진실내구호소
962,서울특별시,마포구,서강나루공원,서울특별시 마포구 창전동 165-5,2489,126.931,37.5452,1,지진실내구호소
963,서울특별시,마포구,와우근린공원,서울특별시 마포구 창전동 3-242,68623,126.93,37.5529,1,지진실내구호소
964,서울특별시,마포구,와우어린이공원,서울특별시 마포구 상수동 72-7,3166,126.9252,37.5489,1,지진실내구호소
965,서울특별시,마포구,서강초등학교 운동장,서울특별시 마포구 독막로 113(상수동),2892,126.9268,37.5481,1,지진실내구호소
966,서울특별시,마포구,서교어린이공원,서울특별시 마포구 양화로11길 21(서교동),1417,126.9154,37.5518,1,지진실내구호소
967,서울특별시,마포구,잔다리어린이공원,서울특별시 마포구 서교동 479-1,758,126.9128,37.5546,1,지진실내구호소
968,서울특별시,마포구,홍익어린이공원,서울특별시 마포구 와우산로21길 19-3 (서교동),2312,126.9233,37.5522,1,지진실내구호소
969,서울특별시,마포구,서교초등학교 운동장,서울특별시 마포구 와우산로23길 20-27 (서교동),3465,126.9247,37.5547,1,지진실내구호소
970,서울특별시,마포구,윗잔다리 어린이공원,서울특별시 마포구 양화로18안길 21(동교동),2935,126.9262,37.5572,1,지진실내구호소
971,서울특별시,마포구,양화어린이공원,서울특별시 마포구 월드컵로5길 79(합정동),450,126.9085,37.5504,1,지진실내구호소
972,서울특별시,마포구,양화진역사공원,서울특별시 마포구 토정로 2(합정동),2000,126.9111,37.5456,1,지진실내구호소
973,서울특별시,마포구,합정동보호수 정자마당,서울특별시 마포구 합정동 450-6,1176,126.903,37.5512,1,지진실내구호소
974,서울특별시,마포구,성산중학교 운동장,서울특별시 마포구 성지1길 32-13 (합정동),4898,126.9157,37.5471,1,지진실내구호소
975,서울특별시,마포구,성산초등학교 운동장,서울특별시 마포구 양화로3길 94(합정동),1811,126.9111,37.5529,1,지진실내구호소
976,서울특별시,마포구,망원새싹어린이공원,서울특별시 마포구 망원동 509-1,555,126.8984,37.559,1,지진실내구호소
977,서울특별시,마포구,옹달샘(어린이)공원,서울특별시 마포구 망원동 408-3,1088,126.902,37.5548,1,지진실내구호소
978,서울특별시,마포구,한마음(어린이)공원,서울특별시 마포구 월드컵로15길 53(망원동),724,126.908,37.5545,1,지진실내구호소
979,서울특별시,마포구,쌈지마당,서울특별시 마포구 방울내로 24-12 (망원동),2850,126.8985,37.5576,1,지진실내구호소
980,서울특별시,마포구,동교초등학교 운동장,서울특별시 마포구 월드컵로25길 86(망원동),3047,126.9028,37.5576,1,지진실내구호소
981,서울특별시,마포구,망원초등학교 운동장,서울특별시 마포구 방울내로5길 28(망원동),1389,126.9009,37.5605,1,지진실내구호소
982,서울특별시,마포구,느티어린이공원,서울특별시 마포구 연남로3길 80(연남동),826,126.9188,37.5596,1,지진실내구호소
983,서울특별시,마포구,은행나무어린이공원,서울특별시 마포구 성미산로29길 17-9 (연남동),898,126.9223,37.5645,1,지진실내구호소
984,서울특별시,마포구,경성고등학교 운동장,서울특별시 마포구 성미산로 111(연남동),11801,126.9194,37.5631,1,지진실내구호소
985,서울특별시,마포구,다솜어린이공원,서울특별시 마포구 성산동 113-2,652,126.9153,37.5625,1,지진실내구호소
986,서울특별시,마포구,성미산공원(성산근린공원),서울특별시 마포구 성산동 산11-61,642,126.9149,37.5612,1,지진실내구호소
987,서울특별시,마포구,성황당어린이공원(뒤뜰어린이공원),서울특별시 마포구 성산동 147-5,1333,126.9072,37.569,1,지진실내구호소
988,서울특별시,마포구,외주목어린이공원,서울특별시 마포구 성산동 587-16,400,126.9077,37.5628,1,지진실내구호소
989,서울특별시,마포구,큰길어린이공원,서울특별시 마포구 월드컵북로 183(성산동),672,126.9081,37.5677,1,지진실내구호소
990,서울특별시,마포구,성서중학교 운동장,서울특별시 마포구 성산로4길 42(성산동),2795,126.9087,37.5628,1,지진실내구호소
991,서울특별시,마포구,성원초등학교 운동장,서울특별시 마포구 월드컵로36길 34(성산동),2511,126.9044,37.567,1,지진실내구호소
992,서울특별시,마포구,중동초등학교 운동장,서울특별시 마포구 월드컵북로 152(성산동),4584,126.9113,37.5666,1,지진실내구호소
993,서울특별시,마포구,DMC문화공원,서울특별시 마포구 상암동 1611,3356,126.8923,37.578,1,지진실내구호소
994,서울특별시,마포구,가온문화공원,서울특별시 마포구 상암동 1594,3532,126.8876,37.5818,1,지진실내구호소
995,서울특별시,마포구,구룡(근린)공원,서울특별시 마포구 월드컵북로 456(상암동),14286,126.8839,37.5829,1,지진실내구호소
996,서울특별시,마포구,물빛문화공원,서울특별시 마포구 상암동 1608,3014,126.8939,37.5795,1,지진실내구호소
997,서울특별시,마포구,휴암문화공원,"서울특별시 마포구 월드컵북로 501(상암동, 상암월드컵파크9단지)",5137,126.8802,37.583,1,지진실내구호소
998,서울특별시,마포구,상암중학교 운동장,서울특별시 마포구 상암산로1길 26(상암동),4474,126.8879,37.5788,1,지진실내구호소
999,서울특별시,마포구,상암초등학교 운동장,서울특별시 마포구 월드컵북로 353(상암동),3912,126.8918,37.5758,1,지진실내구호소
1000,서울특별시,마포구,상지초등학교 운동장,서울특별시 마포구 월드컵로42길 30(상암동),3054,126.8823,37.5793,1,지진실내구호소
1001,서울특별시,양천구,갈산공원,서울특별시 양천구 목동남로 106-23 (신정동),4591,126.869,37.508,1,지진실내구호소
1002,서울특별시,양천구,꿈나무어린이공원,서울특별시 양천구 신정동 311-1,380,126.8585,37.5176,1,지진실내구호소
1003,서울특별시,양천구,넓은들어린이공원,서울특별시 양천구 신정동 310-7,3288,126.8392,37.5111,1,지진실내구호소
1004,서울특별시,양천구,넘은들공원,서울특별시 양천구 신정동 1286,16159,126.8404,37.5129,1,지진실내구호소
1005,서울특별시,양천구,단지어린이공원,서울특별시 양천구 남부순환로88길 19(신정동),3000,126.8542,37.5199,1,지진실내구호소
1006,서울특별시,양천구,신세계어린이공원,서울특별시 양천구 신정동 119-3,520,126.8758,37.5217,1,지진실내구호소
1007,서울특별시,양천구,신트리공원,서울특별시 양천구 신정동 1033-17,500,126.8564,37.5145,1,지진실내구호소
1008,서울특별시,양천구,앞산어린이공원,서울특별시 양천구 중앙로52길 73(신정동),592,126.8583,37.5264,1,지진실내구호소
1009,서울특별시,양천구,양천공원,서울특별시 양천구 신정동 936-13,31066,126.8683,37.518,1,지진실내구호소
1010,서울특별시,양천구,음골어린이공원,서울특별시 양천구 신정동 320-0,824,126.8512,37.5273,1,지진실내구호소
1011,서울특별시,양천구,해누리체육공원,서울특별시 양천구 안양천로 711(신정동),29149,126.8722,37.5116,1,지진실내구호소
1012,서울특별시,양천구,호돌이어린이공원,서울특별시 양천구 신정동 896-22,3528,126.8612,37.5125,1,지진실내구호소
1013,서울특별시,양천구,홍익어린이공원,서울특별시 양천구 신정동 327-1,713,126.8622,37.5285,1,지진실내구호소
1014,서울특별시,양천구,갈산초등학교 운동장,서울특별시 양천구 신정동 330-10,3528,126.8701,37.5116,1,지진실내구호소
1015,서울특별시,양천구,계남초등학교 운동장,서울특별시 양천구 신정동 325-7,5363,126.8601,37.5097,1,지진실내구호소
1016,서울특별시,양천구,금옥중학교 운동장,서울특별시 양천구 신정동 729-0,2750,126.8442,37.51,1,지진실내구호소
1017,서울특별시,양천구,남명초등학교 운동장,서울특별시 양천구 신정동 653-4,5900,126.8539,37.5149,1,지진실내구호소
1018,서울특별시,양천구,목동고등학교 운동장,서울특별시 양천구 신정동 325-8,716,126.8607,37.5088,1,지진실내구호소
1019,서울특별시,양천구,목동중학교 운동장,서울특별시 양천구 신정동 85-168,4451,126.8713,37.5204,1,지진실내구호소
1020,서울특별시,양천구,목동초등학교 운동장,서울특별시 양천구 신정동 86-2,1746,126.8719,37.5224,1,지진실내구호소
1021,서울특별시,양천구,목일중학교 운동장,서울특별시 양천구 신정동 330-2,1878,126.8745,37.5131,1,지진실내구호소
1022,서울특별시,양천구,신기초등학교 운동장,서울특별시 양천구 신정동 1274-0,6440,126.8541,37.5109,1,지진실내구호소
1023,서울특별시,양천구,신목고등학교 운동장,서울특별시 양천구 신정동 330-3,3278,126.8739,37.5124,1,지진실내구호소
1024,서울특별시,양천구,신목초등학교 운동장,서울특별시 양천구 신정동 281-2,1555,126.8729,37.5168,1,지진실내구호소
1025,서울특별시,양천구,신서고등학교  운동장,서울특별시 양천구 신정동 984-1,1167,126.8597,37.5237,1,지진실내구호소
1026,서울특별시,양천구,신서중학교 운동장,서울특별시 양천구 신정동 310-6,6000,126.8559,37.5153,1,지진실내구호소
1027,서울특별시,양천구,신서초등학교 운동장,서울특별시 양천구 신정동 312-1,4900,126.8625,37.5201,1,지진실내구호소
1028,서울특별시,양천구,신은초등학교 운동장,서울특별시 양천구 신정동 1319-0,1200,126.8325,37.5134,1,지진실내구호소
1029,서울특별시,양천구,양명초등학교 운동장,서울특별시 양천구 신정동 310-6,2400,126.8566,37.5156,1,지진실내구호소
1030,서울특별시,양천구,양목초등학교 운동장,서울특별시 양천구 신정동 1001-0,3016,126.8611,37.5236,1,지진실내구호소
1031,서울특별시,양천구,나말어린이공원,서울특별시 양천구 목동 724-1,1002,126.8645,37.5385,1,지진실내구호소
1032,서울특별시,양천구,달마을근린공원,서울특별시 양천구 목동 904-5,28606,126.8681,37.5425,1,지진실내구호소
1033,서울특별시,양천구,모세미어린이공원,서울특별시 양천구 목동 772-1,988,126.8686,37.5352,1,지진실내구호소
1034,서울특별시,양천구,목4동 소공원,서울특별시 양천구 목동 904-5,435,126.8688,37.5326,1,지진실내구호소
1035,서울특별시,양천구,목마공원,서울특별시 양천구 목동 910,11228,126.8855,37.5381,1,지진실내구호소
1036,서울특별시,양천구,백석어린이공원,서울특별시 양천구 목동중앙북로8길 76(목동),708,126.865,37.5451,1,지진실내구호소
1037,서울특별시,양천구,오목공원,서울특별시 양천구 목동서로 159-2 (목동),21021,126.8732,37.5279,1,지진실내구호소
1038,서울특별시,양천구,용왕산근린공원 운동장,서울특별시 양천구 목동중앙본로 73(목동),195308,126.8779,37.5431,1,지진실내구호소
1039,서울특별시,양천구,창의어린이놀이터(목동근린공원),서울특별시 양천구 목동 517,6606,126.8786,37.5465,1,지진실내구호소
1040,서울특별시,양천구,파리공원,서울특별시 양천구 목동동로 363(목동),28412,126.8767,37.5345,1,지진실내구호소
1041,서울특별시,양천구,한두어린이공원,서울특별시 양천구 목동중앙북로7가길 37(목동),986,126.8654,37.5492,1,지진실내구호소
1042,서울특별시,양천구,목2동 마을쉼터(어울림쉼터),서울특별시 양천구 목동중앙본로32길 7(목동),562,126.8715,37.5454,1,지진실내구호소
1043,서울특별시,양천구,강서고등학교 운동장,서울특별시 양천구 목동 735-0,4562,126.8662,37.5363,1,지진실내구호소
1044,서울특별시,양천구,목운중학교 운동장,서울특별시 양천구 목동 922-0,1799,126.8725,37.5267,1,지진실내구호소
1045,서울특별시,양천구,목운초등학교 운동장,서울특별시 양천구 목동 922-0,1598,126.8732,37.5265,1,지진실내구호소
1046,서울특별시,양천구,서정초등학교 운동장,서울특별시 양천구 목동로8길 19(목동),3671,126.8674,37.5239,1,지진실내구호소
1047,서울특별시,양천구,신목중학교 운동장,서울특별시 양천구 목동 743-15,3148,126.8724,37.5366,1,지진실내구호소
1048,서울특별시,양천구,양동중학교 운동장,서울특별시 양천구 목동 600-6,6435,126.8691,37.5476,1,지진실내구호소
1049,서울특별시,양천구,양화초등학교 운동장,서울특별시 양천구 목동 542-0,5210,126.8745,37.5437,1,지진실내구호소
1050,서울특별시,양천구,영도초등학교 운동장,서울특별시 양천구 목동 744-4,4591,126.8715,37.5356,1,지진실내구호소
1051,서울특별시,양천구,월촌중학교 운동장,서울특별시 양천구 목동 909-0,2357,126.8831,37.5371,1,지진실내구호소
1052,서울특별시,양천구,정목초등학교 운동장,서울특별시 양천구 목동 757-1,3800,126.8698,37.5368,1,지진실내구호소
1053,서울특별시,양천구,진명여자고등학교 운동장,서울특별시 양천구 목동 927-6,5038,126.866,37.5235,1,지진실내구호소
1054,서울특별시,양천구,강신어린이공원,서울특별시 양천구 신월동 1012-2,1511,126.8384,37.5155,1,지진실내구호소
1055,서울특별시,양천구,강월어린이공원,서울특별시 양천구 신월동 56-1,2463,126.836,37.5157,1,지진실내구호소
1056,서울특별시,양천구,경인어린이공원,서울특별시 양천구 남부순환로82길 29(신월동),1012,126.8288,37.5321,1,지진실내구호소
1057,서울특별시,양천구,꿀벌어린이공원,서울특별시 양천구 가로공원로56길 30(신월동),1005,126.842,37.5199,1,지진실내구호소
1058,서울특별시,양천구,남부어린이공원,서울특별시 양천구 신월동 1012-2,910,126.8261,37.5347,1,지진실내구호소
1059,서울특별시,양천구,돌다리어린이공원,서울특별시 양천구 신월동 100-1,726,126.8357,37.532,1,지진실내구호소
1060,서울특별시,양천구,방아다리공원,서울특별시 양천구 신월동 531-0,869,126.8283,37.5386,1,지진실내구호소
1061,서울특별시,양천구,서서울호수공원 내 열린풀밭,서울특별시 양천구 남부순환로64길 26(신월동),5061,126.8321,37.5276,1,지진실내구호소
1062,서울특별시,양천구,신대어린이공원,서울특별시 양천구 신월동 100-1,775,126.8327,37.5347,1,지진실내구호소
1063,서울특별시,양천구,신오어린이공원,서울특별시 양천구 남부순환로33길 38(신월동),872,126.8315,37.5381,1,지진실내구호소
1064,서울특별시,양천구,신월근린공원,"서울특별시 양천구 신월로 99(신월동, 신월시영아파트)",725,126.8339,37.5175,1,지진실내구호소
1065,서울특별시,양천구,신월어린이공원,서울특별시 양천구 신월동 240-0,953,126.8381,37.527,1,지진실내구호소
1066,서울특별시,양천구,신장어린이공원,서울특별시 양천구 오목로9길 20-1 (신월동),841,126.8427,37.5242,1,지진실내구호소
1067,서울특별시,양천구,오솔길공원,"서울특별시 양천구 남부순환로70길 11-9 (신월동, 동산주택)",349,126.8358,37.5204,1,지진실내구호소
1068,서울특별시,도봉구,방학중학교 운동장,서울특별시 도봉구 시루봉로 188(방학동),1730,127.0317,37.6654,1,지진실내구호소
1069,서울특별시,도봉구,방학초등학교 운동장,서울특별시 도봉구 도당로9길 34(방학동),4203,127.0323,37.6636,1,지진실내구호소
1070,서울특별시,도봉구,신방학중학교 운동장,서울특별시 도봉구 시루봉로 156(방학동),4296,127.0293,37.6638,1,지진실내구호소
1071,서울특별시,도봉구,신방학초등학교 운동장,서울특별시 도봉구 시루봉로 173(방학동),4657,127.0294,37.6656,1,지진실내구호소
1072,서울특별시,도봉구,창도초등학교 운동장,서울특별시 도봉구 방학로 32-28 (방학동),1700,127.0491,37.6637,1,지진실내구호소
1073,서울특별시,도봉구,초당초등학교 운동장,서울특별시 도봉구 해등로32길 11(방학동),2191,127.0223,37.6579,1,지진실내구호소
1074,서울특별시,도봉구,대창어린이공원,서울특별시 도봉구 창동 38-4,982,127.0522,37.6443,1,지진실내구호소
1075,서울특별시,도봉구,모랫어린이공원,서울특별시 도봉구 창동 30-1,584,127.0517,37.6468,1,지진실내구호소
1076,서울특별시,도봉구,물방울어린이공원,서울특별시 도봉구 창동 458-6,411,127.0412,37.6375,1,지진실내구호소
1077,서울특별시,도봉구,미화어린이공원,서울특별시 도봉구 창동 715-17,431,127.0396,37.6549,1,지진실내구호소
1078,서울특별시,도봉구,반석어린이공원,서울특별시 도봉구 창동 354,1200,127.0412,37.6471,1,지진실내구호소
1079,서울특별시,도봉구,밤골어린이공원,서울특별시 도봉구 창동 368,2279,127.0457,37.6488,1,지진실내구호소
1080,서울특별시,도봉구,신창어린이공원,서울특별시 도봉구 창동 449-103,441,127.0408,37.64,1,지진실내구호소
1081,서울특별시,도봉구,월천공원,서울특별시 도봉구 창동 28,4000,127.0508,37.6475,1,지진실내구호소
1082,서울특별시,도봉구,유만어린이공원,서울특별시 도봉구 창동 33-4,823,127.0529,37.6503,1,지진실내구호소
1083,서울특별시,도봉구,은행나무어린이공원,서울특별시 도봉구 창동 347-3,564,127.0436,37.6496,1,지진실내구호소
1084,서울특별시,도봉구,장미어린이공원,서울특별시 도봉구 창동 553-8,351,127.0363,37.6381,1,지진실내구호소
1085,서울특별시,도봉구,창2동마을공원,서울특별시 도봉구 창동 582-22,1465,127.0362,37.6412,1,지진실내구호소
1086,서울특별시,도봉구,창3동소공원,서울특별시 도봉구 창동 504-21,650,127.0415,37.6333,1,지진실내구호소
1087,서울특별시,도봉구,창원어린이공원,서울특별시 도봉구 창동 307,756,127.0403,37.6529,1,지진실내구호소
1088,서울특별시,도봉구,가인초등학교 운동장,서울특별시 도봉구 도봉로136다길 4(창동),1731,127.0434,37.6596,1,지진실내구호소
1089,서울특별시,도봉구,신화초등학교 운동장,서울특별시 도봉구 우이천로 120(창동),5221,127.0414,37.6322,1,지진실내구호소
1090,서울특별시,구로구,구일중학교운동장,서울특별시 구로구 구로동 685-161,3835,126.8739,37.4948,1,지진실내구호소
1091,서울특별시,구로구,구일초등학교운동장,서울특별시 구로구 구일로 68(구로동),3340,126.873,37.4927,1,지진실내구호소
1092,서울특별시,구로구,동구로초등학교운동장,서울특별시 구로구 구로동 93,3581,126.8925,37.4948,1,지진실내구호소
1093,서울특별시,구로구,미래초등학교운동장,서울특별시 구로구 구로동 3-13,950,126.8878,37.5048,1,지진실내구호소
1094,서울특별시,구로구,영림중학교운동장,서울특별시 구로구 구로동 105-2,5080,126.8906,37.4976,1,지진실내구호소
1095,서울특별시,구로구,영서중학교운동장,서울특별시 구로구 구로동 145-20,6415,126.8945,37.4889,1,지진실내구호소
1096,서울특별시,구로구,영서초등학교운동장,서울특별시 구로구 도림로20길 57(구로동),2912,126.8951,37.4881,1,지진실내구호소
1097,서울특별시,구로구,영일초등학교운동장,서울특별시 구로구 가리봉동 17-0,3830,126.8835,37.485,1,지진실내구호소
1098,서울특별시,구로구,고척근린공원(축구장),서울특별시 구로구 고척로45길 39(고척동),6690,126.8517,37.5059,1,지진실내구호소
1099,서울특별시,구로구,경인고등학교운동장,서울특별시 구로구 고척동 66-28,4071,126.8659,37.4963,1,지진실내구호소
1100,서울특별시,구로구,고산초등학교운동장,서울특별시 구로구 고척동 76-10,2676,126.8655,37.499,1,지진실내구호소
1101,서울특별시,구로구,고원초등학교운동장,서울특별시 구로구 고척동 66-26,1196,126.8654,37.4972,1,지진실내구호소
1102,서울특별시,구로구,고척고등학교운동장,서울특별시 구로구 고척동 232-0,7282,126.8521,37.509,1,지진실내구호소
1103,서울특별시,구로구,고척중학교운동장,서울특별시 구로구 고척동 76-2,4897,126.8618,37.4997,1,지진실내구호소
1104,서울특별시,구로구,고척초등학교운동장,서울특별시 구로구 고척동 129-3,1792,126.8573,37.5006,1,지진실내구호소
1105,서울특별시,구로구,덕의초등학교운동장,서울특별시 구로구 고척동 217,3372,126.8567,37.506,1,지진실내구호소
1106,서울특별시,구로구,세곡초등학교운동장,서울특별시 구로구 고척동 253-129,2984,126.8491,37.5046,1,지진실내구호소
1107,서울특별시,구로구,개명초등학교운동장,서울특별시 구로구 개봉동 314-165,1457,126.8509,37.4828,1,지진실내구호소
1108,서울특별시,구로구,개봉중학교운동장,서울특별시 구로구 개봉동 24-2,3190,126.842,37.5024,1,지진실내구호소
1109,서울특별시,구로구,개봉초등학교운동장,서울특별시 구로구 개봉동 266-0,3475,126.8583,37.4892,1,지진실내구호소
1110,서울특별시,구로구,개웅중학교운동장,서울특별시 구로구 개봉동 273-15,1587,126.8509,37.4869,1,지진실내구호소
1111,서울특별시,구로구,개웅초등학교운동장,서울특별시 구로구 개봉로11길 98(개봉동),2252,126.8501,37.4882,1,지진실내구호소
1112,서울특별시,구로구,경인중학교운동장,서울특별시 구로구 개봉동 143-4,4530,126.8542,37.4979,1,지진실내구호소
1113,서울특별시,구로구,매봉초등학교운동장,서울특별시 구로구 개봉동 3,2529,126.8446,37.5041,1,지진실내구호소
1114,서울특별시,구로구,덕일전자공업고등학교  운동장,서울특별시 구로구 오류동 199-1,1926,126.8371,37.4903,1,지진실내구호소
1115,서울특별시,구로구,오남중학교 운동장,서울특별시 구로구 오류동 산39-40,2546,126.8362,37.4873,1,지진실내구호소
1116,서울특별시,구로구,오류초등학교운동장,서울특별시 구로구 오류동 15,4619,126.8421,37.498,1,지진실내구호소
1117,서울특별시,구로구,세종과학고등학교 운동장,서울특별시 구로구 궁동 232-0,3029,126.8268,37.4972,1,지진실내구호소
1118,서울특별시,구로구,오류고등학교운동장,서울특별시 구로구 궁동 110-1,3610,126.8285,37.4991,1,지진실내구호소
1119,서울특별시,구로구,우신고등학교운동장,서울특별시 구로구 궁동 230-0,11246,126.8273,37.4945,1,지진실내구호소
1120,서울특별시,구로구,정진학교운동장,서울특별시 구로구 궁동 242-0,4649,126.8226,37.4973,1,지진실내구호소
1121,서울특별시,구로구,온수초등학교 운동장,서울특별시 구로구 온수동 9-34,4114,126.8259,37.4936,1,지진실내구호소
1122,서울특별시,구로구,성베드로학교운동장,서울특별시 구로구 항동 1-1,3284,126.8253,37.4871,1,지진실내구호소
1123,서울특별시,구로구,유한공업고등학교운동장,서울특별시 구로구 항동 1-7,6259,126.8225,37.4877,1,지진실내구호소
1124,서울특별시,금천구,골말공원,서울특별시 금천구 가산동 28-2,1410,126.8845,37.4829,1,지진실내구호소
1125,서울특별시,금천구,무아래공원,서울특별시 금천구 가산동 234-29,1153,126.8932,37.4733,1,지진실내구호소
1126,서울특별시,금천구,조마공원,서울특별시 금천구 가산동 148-11,980,126.8957,37.4755,1,지진실내구호소
1127,서울특별시,관악구,중앙분수대 및 중앙도로(관악산휴먼시아아파트),"서울특별시 관악구 난곡로 55(신림동, 관악산휴먼시아아파트)",3107,126.9205,37.4591,1,지진실내구호소
1128,서울특별시,동작구,사당중학교 운동장,서울특별시 동작구 사당로9가길 58(사당동),2846,126.9687,37.4874,1,지진실내구호소
1129,서울특별시,동작구,삼일초등학교 운동장,서울특별시 동작구 사당로23나길 27(사당동),1623,126.9747,37.4879,1,지진실내구호소
1130,서울특별시,동작구,상도중학교 운동장,서울특별시 동작구 사당로2가길 72(사당동),4749,126.9618,37.4902,1,지진실내구호소
1131,서울특별시,동작구,신남성초등학교 운동장,서울특별시 동작구 사당로 146(사당동),4052,126.9652,37.4885,1,지진실내구호소
1132,서울특별시,동작구,대방공원,서울특별시 동작구 대방동 23-176,10656,126.9271,37.5071,1,지진실내구호소
1133,서울특별시,동작구,강남중학교 운동장,서울특별시 동작구 대방동15길 29(대방동),3503,126.9225,37.5024,1,지진실내구호소
1134,서울특별시,동작구,대림초등학교운동장,서울특별시 동작구 대방동1길 22(대방동),1778,126.9261,37.5005,1,지진실내구호소
1135,서울특별시,동작구,서울공업고등학교 운동장,서울특별시 동작구 대방동1길 46(대방동),12822,126.9221,37.5008,1,지진실내구호소
1136,서울특별시,동작구,숭의여자고등학교운동장,서울특별시 동작구 여의대방로36길 79(대방동),3358,126.9293,37.5079,1,지진실내구호소
1137,서울특별시,동작구,신길초등학교운동장,서울특별시 동작구 알마타길 16(대방동),2336,126.9264,37.5104,1,지진실내구호소
1138,서울특별시,동작구,영등포고등학교 운동장,서울특별시 동작구 등용로8길 5(대방동),5241,126.9338,37.5079,1,지진실내구호소
1139,서울특별시,동작구,영등포중학교 운동장,서울특별시 동작구 등용로8길 5(대방동),3361,126.9328,37.5081,1,지진실내구호소
1140,서울특별시,동작구,영화초등학교 운동장,서울특별시 동작구 등용로8길 3(대방동),2408,126.9329,37.5094,1,지진실내구호소
1141,서울특별시,동작구,보라매공원,서울특별시 동작구 신대방동 395-0,80595,126.92,37.4925,1,지진실내구호소
1142,서울특별시,동작구,농심잔디마당,서울특별시 동작구 여의대방로 112(신대방동),4530,126.9186,37.4969,1,지진실내구호소
1143,서울특별시,동작구,대방중학교 운동장,서울특별시 동작구 여의대방로10길 24(신대방동),2049,126.9138,37.495,1,지진실내구호소
1144,서울특별시,동작구,문창중학교 운동장,서울특별시 동작구 여의대방로22나길 40(신대방동),3160,126.9216,37.4957,1,지진실내구호소
1145,서울특별시,동작구,문창초등학교 운동장,서울특별시 동작구 신대방2길 14(신대방동),3044,126.9143,37.4891,1,지진실내구호소
1146,서울특별시,동작구,보라매초등학교 운동장,서울특별시 동작구 여의대방로16길 30(신대방동),1261,126.9161,37.4953,1,지진실내구호소
1147,서울특별시,관악구,광신고등학교 운동장,서울특별시 관악구 광신길 141(신림동),6867,126.9256,37.4651,1,지진실내구호소
1148,서울특별시,관악구,난곡초등학교 운동장,서울특별시 관악구 난곡로35길 102(신림동),7332,126.9171,37.4693,1,지진실내구호소
1149,서울특별시,관악구,난우중학교 운동장,서울특별시 관악구 난곡로16길 32(신림동),2770,126.9225,37.4666,1,지진실내구호소
1150,서울특별시,관악구,난우초등학교 운동장,서울특별시 관악구 난우길 40(신림동),2427,126.9177,37.4768,1,지진실내구호소
1151,서울특별시,관악구,난향초등학교 운동장,서울특별시 관악구 난향길 9(신림동),1454,126.9182,37.4622,1,지진실내구호소
1152,서울특별시,관악구,남강고등학교 운동장,서울특별시 관악구 난곡로34길 80(신림동),5877,126.9245,37.4725,1,지진실내구호소
1153,서울특별시,관악구,남강중학교 운동장,서울특별시 관악구 난곡로34길 80(신림동),5371,126.9237,37.4714,1,지진실내구호소
1154,서울특별시,관악구,남부초등학교 운동장,서울특별시 관악구 남부순환로163길 14(신림동),11909,126.922,37.4848,1,지진실내구호소
1155,서울특별시,관악구,남서울중학교 운동장,서울특별시 관악구 남부순환로172길 97(신림동),5508,126.9213,37.4816,1,지진실내구호소
1156,서울특별시,관악구,미림여자고등학교 운동장,서울특별시 관악구 호암로 546(신림동),7004,126.9321,37.4669,1,지진실내구호소
1157,서울특별시,관악구,미성중학교 운동장,서울특별시 관악구 문성로16길 40(신림동),1618,126.9126,37.4752,1,지진실내구호소
1158,서울특별시,관악구,미성초등학교 운동장,서울특별시 관악구 문성로 79(신림동),3245,126.9122,37.4777,1,지진실내구호소
1159,서울특별시,관악구,삼성고등학교 운동장,서울특별시 관악구 신림로 41(신림동),4864,126.9435,37.4698,1,지진실내구호소
1160,서울특별시,관악구,삼성중학교 운동장,서울특별시 관악구 신림로3가길 39-24 (신림동),3236,126.943,37.4681,1,지진실내구호소
1161,서울특별시,관악구,신관중학교 운동장,서울특별시 관악구 신림로48길 17-16 (신림동),2044,126.9338,37.4798,1,지진실내구호소
1162,서울특별시,관악구,신림고등학교 운동장,서울특별시 관악구 문성로 119(신림동),4322,126.9172,37.4783,1,지진실내구호소
1163,서울특별시,관악구,신림중학교 운동장,서울특별시 관악구 신림로 40(신림동),4342,126.945,37.4702,1,지진실내구호소
1164,서울특별시,관악구,신림초등학교 운동장,서울특별시 관악구 문성로28길 31(신림동),1490,126.9275,37.4776,1,지진실내구호소
1165,서울특별시,관악구,신성초등학교 운동장,서울특별시 관악구 신림로 114(신림동),3692,126.9368,37.4714,1,지진실내구호소
1166,서울특별시,관악구,신우초등학교 운동장,서울특별시 관악구 호암로 498(신림동),3766,126.9324,37.4627,1,지진실내구호소
1167,서울특별시,관악구,원신초등학교 운동장,서울특별시 관악구 광신길 177(신림동),1588,126.9271,37.4668,1,지진실내구호소
1168,서울특별시,관악구,정문학교 운동장,서울특별시 관악구 난향3길 31(신림동),1699,126.9161,37.4614,1,지진실내구호소
1169,서울특별시,관악구,군인아파트 어린이공원,서울특별시 관악구 남현동 602-143,817,126.9789,37.4718,1,지진실내구호소
1170,서울특별시,관악구,상록어린이공원,서울특별시 관악구 승방3나길 14(남현동),1020,126.9803,37.4728,1,지진실내구호소
1171,서울특별시,관악구,예촌어린이공원,서울특별시 관악구 남현길 41(남현동),1177,126.9766,37.4746,1,지진실내구호소
1172,서울특별시,관악구,사당초등학교 운동장,서울특별시 관악구 남현4길 51(남현동),6335.7,126.9745,37.4743,1,지진실내구호소
1173,서울특별시,서초구,가꿀공원,서울특별시 서초구 방배동 859-1,402,126.9875,37.4879,1,지진실내구호소
1174,서울특별시,서초구,남태령공원,서울특별시 서초구 방배동 2956-4,1208,126.9886,37.4662,1,지진실내구호소
1175,서울특별시,서초구,동덕어린이공원,서울특별시 서초구 방배동 593-43,831,126.9937,37.4755,1,지진실내구호소
1176,서울특별시,서초구,뒷벌공원,서울특별시 서초구 방배중앙로 121(방배동),1448,126.9868,37.4904,1,지진실내구호소
1177,서울특별시,서초구,방현어린이공원,서울특별시 서초구 효령로14다길 21(방배동),1362,126.9916,37.4784,1,지진실내구호소
1178,서울특별시,서초구,새말어린이공원,서울특별시 서초구 방배동 794-16,853,126.9886,37.4933,1,지진실내구호소
1179,서울특별시,서초구,청두어린이공원,서울특별시 서초구 방배동 463-14,1049,126.9849,37.4806,1,지진실내구호소
1180,서울특별시,서초구,방배1동공영주차장,서울특별시 서초구 방배동 328-1,631,126.9924,37.4853,1,지진실내구호소
1181,서울특별시,서초구,동덕여자고등학교 운동장,서울특별시 서초구 효령로2길 123-5 (방배동),5015,126.9923,37.4754,1,지진실내구호소
1182,서울특별시,서초구,방배초등학교운동장,서울특별시 서초구 방배중앙로13길 26(방배동),3362,126.9874,37.4871,1,지진실내구호소
1183,서울특별시,서초구,방일초등학교운동장,서울특별시 서초구 방배로18길 52(방배동),3690,126.9978,37.4852,1,지진실내구호소
1184,서울특별시,서초구,상문고등학교 운동장,서울특별시 서초구 명달로 45(방배동),11591,127.0044,37.4802,1,지진실내구호소
1185,서울특별시,서초구,서래초등학교운동장,서울특별시 서초구 방배로 260(방배동),2852,126.9894,37.4959,1,지진실내구호소
1186,서울특별시,서초구,서문여자중학교 운동장,서울특별시 서초구 동광로12길 84(방배동),7081,126.985,37.4889,1,지진실내구호소
1187,서울특별시,서초구,서울전자고등학교운동장,서울특별시 서초구 과천대로 852-23 (방배동),2360,126.9885,37.4695,1,지진실내구호소
1188,서울특별시,서초구,이수중학교운동장,서울특별시 서초구 방배중앙로3길 32(방배동),8529,126.9904,37.4807,1,지진실내구호소
1189,서울특별시,서초구,이수초등학교운동장,서울특별시 서초구 방배천로4길 23(방배동),5666,126.9845,37.478,1,지진실내구호소
1190,서울특별시,서초구,동산어린이공원,서울특별시 서초구 동산로12길 8(양재동),1300,127.0451,37.4711,1,지진실내구호소
1191,서울특별시,서초구,양재근린공원,서울특별시 서초구 양재동 311,13592,127.0426,37.4715,1,지진실내구호소
1192,서울특별시,서초구,양재초등학교운동장,서울특별시 서초구 바우뫼로18길 14(양재동),4902,127.0321,37.4738,1,지진실내구호소
1193,서울특별시,서초구,언남고등학교 운동장,서울특별시 서초구 동산로13길 35(양재동),6087,127.0433,37.473,1,지진실내구호소
1194,서울특별시,서초구,언남중학교 운동장,서울특별시 서초구 동산로 55(양재동),3838,127.0442,37.472,1,지진실내구호소
1195,서울특별시,서초구,영동중학교운동장,서울특별시 서초구 성촌길 14(우면동),2353,127.0256,37.4656,1,지진실내구호소
1196,서울특별시,서초구,우면초등학교운동장,서울특별시 서초구 태봉로 59(우면동),2129,127.0238,37.4642,1,지진실내구호소
1197,서울특별시,서초구,우솔초등학교운동장,서울특별시 서초구 양재대로2길 74(우면동),1461,127.0194,37.4568,1,지진실내구호소
1198,서울특별시,서초구,우암초등학교운동장,서울특별시 서초구 바우뫼로7길 38(우면동),4881,127.0247,37.4717,1,지진실내구호소
1199,서울특별시,서초구,명주근린공원,서울특별시 서초구 잠원동 50-4,1849,127.0151,37.5171,1,지진실내구호소
1200,서울특별시,서초구,반원어린이공원,서울특별시 서초구 신반포로23길 48(잠원동),2724,127.0031,37.5095,1,지진실내구호소
1201,서울특별시,서초구,신동근린공원,서울특별시 서초구 잠원동 58-14,1517,127.0137,37.514,1,지진실내구호소
1202,서울특별시,서초구,싸리재공원,서울특별시 서초구 잠원동 30-10,547,127.0182,37.5133,1,지진실내구호소
1203,서울특별시,서초구,코아어린이공원,서울특별시 서초구 신반포로23길 30(잠원동),1054,127.004,37.509,1,지진실내구호소
1204,서울특별시,서초구,경원중학교운동장,서울특별시 서초구 신반포로33길 39(잠원동),7885,127.0094,37.5109,1,지진실내구호소
1205,서울특별시,서초구,반원초등학교운동장,서울특별시 서초구 잠원로3길 28(잠원동),5485,127.004,37.5097,1,지진실내구호소
1206,서울특별시,서초구,신동중학교운동장,서울특별시 서초구 나루터로 27(잠원동),5464,127.013,37.5162,1,지진실내구호소
1207,서울특별시,서초구,신동초등학교운동장,서울특별시 서초구 나루터로 15(잠원동),2792,127.0118,37.5167,1,지진실내구호소
1208,서울특별시,서초구,서래골근린공원,서울특별시 서초구 반포동 63-2,1250,127.003,37.5014,1,지진실내구호소
1209,서울특별시,서초구,청룡어린이공원,서울특별시 서초구 반포동 86-1,806,126.9996,37.4958,1,지진실내구호소
1210,서울특별시,서초구,파랑새어린이공원,서울특별시 서초구 신반포로15길 28(반포동),2238,126.9951,37.5051,1,지진실내구호소
1211,서울특별시,서초구,반포종합운동장,서울특별시 서초구 신반포로16길 30(반포동),43104,126.9942,37.5005,1,지진실내구호소
1212,서울특별시,서초구,반포고등학교운동장,서울특별시 서초구 고무래로 71(반포동),5603,127.0167,37.5017,1,지진실내구호소
1213,서울특별시,서초구,반포중학교운동장,서울특별시 서초구 신반포로 67(반포동),5122,126.992,37.5029,1,지진실내구호소
1214,서울특별시,서초구,반포초등학교운동장,서울특별시 서초구 신반포로 55-4 (반포동),4267,126.991,37.5027,1,지진실내구호소
1215,서울특별시,서초구,방배중학교운동장,서울특별시 서초구 동광로 144(반포동),6169,126.9984,37.4945,1,지진실내구호소
1216,서울특별시,서초구,서원초등학교운동장,서울특별시 서초구 고무래로 63(반포동),4862,127.0151,37.5025,1,지진실내구호소
1217,서울특별시,서초구,세화고등학교운동장,서울특별시 서초구 신반포로 56-7 (반포동),19926,126.992,37.5013,1,지진실내구호소
1218,서울특별시,서초구,신반포중학교운동장,서울특별시 서초구 신반포로19길 26(반포동),5299,126.9961,37.5055,1,지진실내구호소
1219,서울특별시,서초구,원촌중학교운동장,서울특별시 서초구 사평대로45길 10(반포동),6640,127.0142,37.506,1,지진실내구호소
1220,서울특별시,서초구,원촌초등학교운동장,서울특별시 서초구 사평대로45길 10(반포동),5588,127.0128,37.5057,1,지진실내구호소
1221,서울특별시,서초구,잠원초등학교운동장,서울특별시 서초구 신반포로16길 15-25 (반포동),5085,126.9981,37.5013,1,지진실내구호소
1222,서울특별시,서초구,당골어린이공원,서울특별시 서초구 효령로68길 49-3 (서초동),591,127.0226,37.4855,1,지진실내구호소
1223,서울특별시,서초구,마산말어린이공원,서울특별시 서초구 서초동 1343-8,466,127.0267,37.4871,1,지진실내구호소
1224,서울특별시,서초구,명달근린공원,서울특별시 서초구 서운로23길 17(서초동),732,127.0213,37.4981,1,지진실내구호소
1225,서울특별시,서초구,분토골어린이공원,서울특별시 서초구 서초동 1627-4,587,127.0174,37.4883,1,지진실내구호소
1226,서울특별시,서초구,사도감어린이공원,서울특별시 서초구 서초동 1359-12,419,127.0313,37.4857,1,지진실내구호소
1227,서울특별시,서초구,용허리근린공원,서울특별시 서초구 서초동 1324-1,938,127.0232,37.4942,1,지진실내구호소
1228,서울특별시,서초구,서운중학교운동장,서울특별시 서초구 서운로 115(서초동),5272,127.0247,37.4936,1,지진실내구호소
1229,서울특별시,서초구,서울고등학교 운동장,서울특별시 서초구 효령로 197(서초동),19158,127.0071,37.4842,1,지진실내구호소
1230,서울특별시,서초구,서울교육대학교 운동장,서울특별시 서초구 서초중앙로 96(서초동),9491,127.0166,37.4906,1,지진실내구호소
1231,서울특별시,서초구,서이초등학교 운동장,서울특별시 서초구 서운로 35(서초동),7309,127.0259,37.4911,1,지진실내구호소
1232,서울특별시,서초구,서일중학교 운동장,서울특별시 서초구 서운로21길 2(서초동),5283,127.0225,37.4986,1,지진실내구호소
1233,서울특별시,서초구,서일초등학교 운동장,서울특별시 서초구 남부순환로339길 38(서초동),3210,127.0227,37.4846,1,지진실내구호소
1234,서울특별시,서초구,서초고등학교 운동장,서울특별시 서초구 반포대로27길 29(서초동),3752,127.0064,37.4892,1,지진실내구호소
1235,서울특별시,서초구,서초중학교 운동장,서울특별시 서초구 반포대로13길 48(서초동),4915,127.0086,37.4852,1,지진실내구호소
1236,서울특별시,서초구,서초초등학교 운동장,서울특별시 서초구 서운로 178(서초동),7253,127.0241,37.4991,1,지진실내구호소
1237,서울특별시,서초구,신중초등학교 운동장,서울특별시 서초구 남부순환로317길 15(서초동),5768,127.0097,37.4801,1,지진실내구호소
1238,서울특별시,서초구,원명초등학교 운동장,서울특별시 서초구 고무래로 90-6 (서초동),4126,127.0168,37.5004,1,지진실내구호소
1239,서울특별시,서초구,본마을공원,서울특별시 서초구 신원동 445,309,127.053,37.4546,1,지진실내구호소
1240,서울특별시,강남구,역삼소나무공원,서울특별시 강남구 역삼동 836-21,987,127.0336,37.4909,1,지진실내구호소
1241,서울특별시,강남구,역삼은행나무공원,서울특별시 강남구 역삼동 611-0,1647,127.0312,37.5054,1,지진실내구호소
1242,서울특별시,강남구,역삼장미공원,서울특별시 강남구 역삼동 780-25,1637,127.0448,37.4953,1,지진실내구호소
1243,서울특별시,강남구,충현공원,서울특별시 강남구 역삼동 666-2,1536,127.0365,37.5047,1,지진실내구호소
1244,서울특별시,강남구,도성초등학교 운동장,서울특별시 강남구 역삼로 313(역삼동),1520,127.0491,37.5006,1,지진실내구호소
1245,서울특별시,강남구,역삼중학교 운동장,서울특별시 강남구 도곡로43길 10(역삼동),2424,127.0487,37.4955,1,지진실내구호소
1246,서울특별시,강남구,역삼초등학교 운동장,서울특별시 강남구 강남대로66길 21(역삼동),4594,127.0327,37.4926,1,지진실내구호소
1247,서울특별시,강남구,진선여자중학교 운동장,서울특별시 강남구 선릉로85길 27(역삼동),16783,127.048,37.5017,1,지진실내구호소
1248,서울특별시,강남구,개포동근린공원,서울특별시 강남구 개포로 509(개포동),9706,127.0686,37.4897,1,지진실내구호소
1249,서울특별시,강남구,개포서근린공원,서울특별시 강남구 개포로 409-1 (개포동),11627,127.0645,37.4888,1,지진실내구호소
1250,서울특별시,강남구,개포서근린공원,서울특별시 강남구 개포동 180-0,11219,127.0637,37.4888,1,지진실내구호소
1251,서울특별시,강남구,개포은행나무공원,서울특별시 강남구 개포로20길 48(개포동),1642,127.049,37.476,1,지진실내구호소
1252,서울특별시,강남구,대진근린공원,서울특별시 강남구 개포로109길 62(개포동),13568,127.0785,37.4955,1,지진실내구호소
1253,서울특별시,강남구,학여울근린공원(개포동근린공원),서울특별시 강남구 개포로 509(개포동),12506,127.0688,37.4903,1,지진실내구호소
1254,서울특별시,강남구,한마음어린이공원,서울특별시 강남구 개포동 12-3,2488,127.0758,37.4957,1,지진실내구호소
1255,서울특별시,강남구,개원중학교 운동장,서울특별시 강남구 영동대로 101(개포동),10260,127.0713,37.4912,1,지진실내구호소
1256,서울특별시,강남구,개일초등학교 운동장,서울특별시 강남구 개포로 401(개포동),6600,127.058,37.4857,1,지진실내구호소
1257,서울특별시,강남구,개포고등학교 운동장,서울특별시 강남구 개포로 402(개포동),8882,127.0589,37.4846,1,지진실내구호소
1258,서울특별시,강남구,경기여자고등학교 운동장,서울특별시 강남구 삼성로 29(개포동),8292,127.0659,37.4862,1,지진실내구호소
1259,서울특별시,강남구,구룡중학교 운동장,서울특별시 강남구 선릉로 103(개포동),7038,127.0566,37.4856,1,지진실내구호소
1260,서울특별시,강남구,구룡초등학교 운동장,서울특별시 강남구 개포로 263(개포동),12874,127.0519,37.4807,1,지진실내구호소
1261,서울특별시,강남구,국립국악고등학교 운동장,서울특별시 강남구 개포로22길 65(개포동),1392,127.0508,37.4758,1,지진실내구호소
1262,서울특별시,강남구,대진초등학교 운동장,서울특별시 강남구 개포동 13-0,4494,127.078,37.4964,1,지진실내구호소
1263,서울특별시,강남구,수도전기공업고등학교 운동장,서울특별시 강남구 개포로 410(개포동),20800,127.0636,37.4868,1,지진실내구호소
1264,서울특별시,강남구,양전초등학교 운동장,서울특별시 강남구 개포로 513(개포동),7515,127.0704,37.4904,1,지진실내구호소
1265,서울특별시,강남구,포이초등학교 운동장,서울특별시 강남구 개포로22길 87(개포동),12279,127.0524,37.4755,1,지진실내구호소
1266,서울특별시,강남구,청담목련어린이공원,서울특별시 강남구 청담동 51-0,1642,127.0499,37.5229,1,지진실내구호소
1267,서울특별시,강남구,청담은행나무공원,서울특별시 강남구 도산대로67길 15(청담동),1644,127.044,37.5251,1,지진실내구호소
1268,서울특별시,강남구,청수근린공원,서울특별시 강남구 청담동 134-13,17402,127.0584,37.5232,1,지진실내구호소
1269,서울특별시,강남구,언북초등학교 운동장,서울특별시 강남구 삼성로135길 42(청담동),4617,127.0462,37.52,1,지진실내구호소
1270,서울특별시,강남구,영동고등학교 운동장,서울특별시 강남구 선릉로 742(청담동),43546,127.0419,37.5204,1,지진실내구호소
1271,서울특별시,강남구,청담중학교 운동장,서울특별시 강남구 압구정로61길 36(청담동),3660,127.0453,37.5289,1,지진실내구호소
1272,서울특별시,강남구,청담초등학교 운동장,서울특별시 강남구 청담동 142-0,5684,127.0451,37.5278,1,지진실내구호소
1273,서울특별시,강남구,삼성까치공원,서울특별시 강남구 삼성동 85-0,1463,127.0607,37.5182,1,지진실내구호소
1274,서울특별시,강남구,삼성목련공원,서울특별시 강남구 삼성동 55-1,1641,127.054,37.5185,1,지진실내구호소
1275,서울특별시,강남구,샘터근린공원,서울특별시 강남구 삼성동 16-4,1800,127.0474,37.5153,1,지진실내구호소
1276,서울특별시,강남구,강남구보건소 주차장,서울특별시 강남구 선릉로 668(삼성동),3153,127.042,37.5162,1,지진실내구호소
1277,서울특별시,강남구,강남구청 주차장,서울특별시 강남구 학동로 426(삼성동),4320,127.0472,37.5177,1,지진실내구호소
1278,서울특별시,강남구,경기고등학교 운동장,서울특별시 강남구 영동대로 643(삼성동),13052,127.057,37.5174,1,지진실내구호소
1279,서울특별시,강남구,봉은중학교 운동장,서울특별시 강남구 영동대로128길 59(삼성동),2822,127.0628,37.5188,1,지진실내구호소
1280,서울특별시,강남구,봉은초등학교 운동장,서울특별시 강남구 학동로 610(삼성동),2928,127.0605,37.5206,1,지진실내구호소
1281,서울특별시,강남구,삼릉초등학교 운동장,서울특별시 강남구 삼성동 42-0,6598,127.0471,37.5127,1,지진실내구호소
1282,서울특별시,강남구,언주중학교 운동장,서울특별시 강남구 삼성동 28-0,7448,127.0469,37.5142,1,지진실내구호소
1283,서울특별시,강남구,늘벗근린공원,서울특별시 강남구 대치동 501-0,19812,127.0572,37.4895,1,지진실내구호소
1284,서울특별시,강남구,대치근린공원,서울특별시 강남구 대치동 512-0,10409,127.0699,37.495,1,지진실내구호소
1285,서울특별시,강남구,단국대부속고등학교 운동장,서울특별시 강남구 대치동 1013-0,7800,127.0559,37.4961,1,지진실내구호소
1286,서울특별시,강남구,대곡초등학교 운동장,서울특별시 강남구 남부순환로 3022(대치동),7805,127.0652,37.4944,1,지진실내구호소
1287,서울특별시,강남구,대명중학교 운동장,서울특별시 강남구 역삼로87길 26(대치동),5400,127.061,37.5058,1,지진실내구호소
1288,서울특별시,강남구,대청중학교 운동장,서울특별시 강남구 양재천로 321(대치동),8336,127.0586,37.4899,1,지진실내구호소
1289,서울특별시,강남구,대치초등학교 운동장,서울특별시 강남구 양재천로 363(대치동),13435,127.0621,37.4909,1,지진실내구호소
1290,서울특별시,강남구,대현초등학교 운동장,서울특별시 강남구 대치동 969,8585,127.0638,37.5035,1,지진실내구호소
1291,서울특별시,강남구,도곡초등학교 운동장,서울특별시 강남구 대치동 924-10,8080,127.0546,37.499,1,지진실내구호소
1292,서울특별시,강남구,휘문고등학교 운동장,서울특별시 강남구 역삼로 541(대치동),20196,127.061,37.505,1,지진실내구호소
1293,서울특별시,강남구,휘문중학교운동장,서울특별시 강남구 역삼로 541(대치동),17440,127.0628,37.5055,1,지진실내구호소
1294,서울특별시,강남구,신사무궁화공원,서울특별시 강남구 신사동 625-5,1642,127.0319,37.5241,1,지진실내구호소
1295,서울특별시,강남구,신사은행나무공원,서울특별시 강남구 신사동 558,1240,127.026,37.5205,1,지진실내구호소
1296,서울특별시,강남구,신구중학교 운동장,서울특별시 강남구 압구정로36길 17(신사동),6332,127.0322,37.5267,1,지진실내구호소
1297,서울특별시,강남구,신구초등학교 운동장,서울특별시 강남구 신사동 550-11,12986,127.0242,37.523,1,지진실내구호소
1298,서울특별시,강남구,논현개나리공원,서울특별시 강남구 논현로123길 19(논현동),1653,127.0299,37.5113,1,지진실내구호소
1299,서울특별시,강남구,논현소나무공원,서울특별시 강남구 논현동 239,1820,127.0374,37.5157,1,지진실내구호소
1300,서울특별시,강남구,학동공원,서울특별시 강남구 강남대로140길 47(논현동),29947,127.0254,37.5154,1,지진실내구호소
1301,서울특별시,강남구,논현초등학교 운동장,서울특별시 강남구 논현동 168,3960,127.0262,37.5081,1,지진실내구호소
1302,서울특별시,강남구,언북중학교 운동장,서울특별시 강남구 도산대로38길 27(논현동),6136,127.0332,37.5188,1,지진실내구호소
1303,서울특별시,강남구,학동초등학교 운동장,서울특별시 강남구 논현동 264-7,1820,127.0398,37.512,1,지진실내구호소
1304,서울특별시,강남구,갈매기근린공원,서울특별시 강남구 압구정동 480,7732,127.0346,37.5318,1,지진실내구호소
1305,서울특별시,강남구,신사근린공원,서울특별시 강남구 압구정동 422,6800,127.021,37.5264,1,지진실내구호소
1306,서울특별시,강남구,신사중학교 운동장,서울특별시 강남구 압구정로 123(압구정동),7980,127.0212,37.5242,1,지진실내구호소
1307,서울특별시,강남구,압구정고등학교 운동장,서울특별시 강남구 압구정로39길 20(압구정동),5903,127.0327,37.5307,1,지진실내구호소
1308,서울특별시,강남구,압구정중학교 운동장,서울특별시 강남구 압구정로 225(압구정동),6600,127.033,37.5297,1,지진실내구호소
1309,서울특별시,강남구,압구정초등학교 운동장,서울특별시 강남구 압구정동 461,5500,127.0309,37.5313,1,지진실내구호소
1310,서울특별시,강남구,청담고등학교 운동장,서울특별시 강남구 압구정동 526,3522,127.0431,37.5283,1,지진실내구호소
1311,서울특별시,강남구,현대고등학교 운동장,서울특별시 강남구 압구정로 127(압구정동),12230,127.0226,37.525,1,지진실내구호소
1312,서울특별시,강남구,대왕어린이공원,서울특별시 강남구 세곡동 526-2,2633,127.1045,37.4623,1,지진실내구호소
1313,서울특별시,강남구,도담어린이공원,서울특별시 강남구 세곡동 548,4283,127.0986,37.4672,1,지진실내구호소
1314,서울특별시,강남구,세곡동공원,서울특별시 강남구 세곡동 525-1,10310,127.1033,37.4603,1,지진실내구호소
1315,서울특별시,강남구,세곡천공원,서울특별시 강남구 세곡동 522-1,2645,127.1012,37.4632,1,지진실내구호소
1316,서울특별시,강남구,윗반고개공원,서울특별시 강남구 세곡동 99-6,1250,127.1092,37.4659,1,지진실내구호소
1317,서울특별시,강남구,행복어린이공원,서울특별시 강남구 세곡동 546,2484,127.0971,37.4672,1,지진실내구호소
1318,서울특별시,강남구,대왕초등학교 운동장,서울특별시 강남구 헌릉로618길 8(세곡동),1836,127.1055,37.4642,1,지진실내구호소
1319,서울특별시,강남구,세명초등학교 운동장,서울특별시 강남구 세곡동 529,1365,127.0913,37.4687,1,지진실내구호소
1320,서울특별시,강남구,LH보금자리 근린공원2호,서울특별시 강남구 자곡동 625,5237,127.0908,37.4694,1,지진실내구호소
1321,서울특별시,강남구,LH보금자리 근린공원5호,서울특별시 강남구 자곡동 607,21561,127.0976,37.4729,1,지진실내구호소
1322,서울특별시,강남구,LH보금자리 근린공원7호,서울특별시 강남구 자곡동 627,12093,127.0926,37.4708,1,지진실내구호소
1323,서울특별시,강남구,못골공원,서울특별시 강남구 자곡동 447-23,749,127.1,37.4736,1,지진실내구호소
1324,서울특별시,강남구,세곡중학교 운동장,서울특별시 강남구 자곡로 81(자곡동),2433,127.0924,37.4716,1,지진실내구호소
1325,서울특별시,강남구,율현초등학교 운동장,서울특별시 강남구 밤고개로21길 15(자곡동),300,127.1087,37.4744,1,지진실내구호소
1326,서울특별시,강남구,자곡초등학교 운동장,서울특별시 강남구 자곡동 642,1870,127.0998,37.472,1,지진실내구호소
1327,서울특별시,강남구,풍문고등학교 운동장,서울특별시 강남구 자곡로 152(자곡동),2392,127.1009,37.4716,1,지진실내구호소
1328,서울특별시,강남구,윗방죽마을공원,서울특별시 강남구 율현동 308-29,935,127.1046,37.4703,1,지진실내구호소
1329,서울특별시,강남구,늘푸른근린공원,서울특별시 강남구 일원동 690,11410,127.0775,37.4899,1,지진실내구호소
1330,서울특별시,강남구,대청근린공원,서울특별시 강남구 개포로124길 24(일원동),14089,127.0825,37.4926,1,지진실내구호소
1331,서울특별시,강남구,일원개나리공원,서울특별시 강남구 일원동 730-3,4454,127.0764,37.4829,1,지진실내구호소
1332,서울특별시,강남구,일원까치공원,서울특별시 강남구 일원동 712-4,1476,127.0882,37.492,1,지진실내구호소
1333,서울특별시,강남구,일원느티나무공원,서울특별시 강남구 일원동 730-2,1826,127.0774,37.483,1,지진실내구호소
1334,서울특별시,강남구,일원장미공원,서울특별시 강남구 일원동 732-4,1500,127.0807,37.4806,1,지진실내구호소
1335,서울특별시,강동구,동북중고등학교 운동장,서울특별시 강동구 강동대로 305(둔촌동),8304,127.1401,37.5197,1,지진실내구호소
1336,서울특별시,강동구,둔촌고등학교 운동장,서울특별시 강동구 명일로 140(둔촌동),2883,127.1439,37.5309,1,지진실내구호소
1337,서울특별시,강동구,둔촌중학교 운동장,서울특별시 강동구 진황도로61길 25-30 (둔촌동),4081,127.1461,37.5302,1,지진실내구호소
1338,서울특별시,강동구,선린초등학교 운동장,서울특별시 강동구 진황도로61길 29(둔촌동),4732,127.1457,37.5292,1,지진실내구호소
1339,서울특별시,강동구,한산중학교 운동장,서울특별시 강동구 둔촌동 161-1,3675,127.14,37.5282,1,지진실내구호소
1340,서울특별시,강동구,한산초등학교운동장,서울특별시 강동구 풍성로 261(둔촌동),5466,127.1414,37.528,1,지진실내구호소
1341,서울특별시,강동구,암사유적지부설주차장,서울특별시 강동구 암사동 139-2,3016,127.1303,37.5591,1,지진실내구호소
1342,서울특별시,강동구,강일중학교 운동장,서울특별시 강동구 암사동 414-17,1102,127.1382,37.5549,1,지진실내구호소
1343,서울특별시,강동구,명일초등학교 운동장,서울특별시 강동구 암사동 418-18,8204,127.1419,37.554,1,지진실내구호소
1344,서울특별시,강동구,선사고등학교 운동장,서울특별시 강동구 고덕로25길 17(암사동),3571,127.1359,37.5559,1,지진실내구호소
1345,서울특별시,강동구,선사초등학교운동장,서울특별시 강동구 올림픽로 837(암사동),5760,127.1292,37.5559,1,지진실내구호소
1346,서울특별시,강동구,신암중학교 운동장,서울특별시 강동구 고덕로 65(암사동),5898,127.1332,37.5553,1,지진실내구호소
1347,서울특별시,강동구,신암초등학교 운동장,서울특별시 강동구 올림픽로93길 33-16 (암사동),1880,127.1241,37.5489,1,지진실내구호소
1348,서울특별시,강동구,성내하니공원,서울특별시 강동구 성내동 533-0,2850,127.1267,37.5298,1,지진실내구호소
1349,서울특별시,강동구,성내중학교 운동장,서울특별시 강동구 성안로7길 36(성내동),5162,127.1295,37.5285,1,지진실내구호소
1350,서울특별시,강동구,성내초등학교 운동장,서울특별시 강동구 성내로3길 19(성내동),3323,127.1221,37.531,1,지진실내구호소
1351,서울특별시,강동구,성일초등학교운동장,서울특별시 강동구 성내동 531-0,8065,127.1283,37.5291,1,지진실내구호소
1352,서울특별시,강동구,천호공원광장,서울특별시 강동구 천호동 360-0,1300,127.1264,37.5445,1,지진실내구호소
1353,서울특별시,강동구,강동초등학교 운동장,서울특별시 강동구 상암로14길 77(천호동),7452,127.1299,37.5459,1,지진실내구호소
1354,서울특별시,강동구,동신중학교 운동장,서울특별시 강동구 진황도로 72(천호동),12134,127.1339,37.5364,1,지진실내구호소
1355,서울특별시,강동구,성덕고등학교 운동장(성덕여자중학교 운동장),서울특별시 강동구 구천면로 396(천호동),5320,127.1422,37.5498,1,지진실내구호소
1356,서울특별시,강동구,천일초등학교운동장,서울특별시 강동구 천호동 217-70,1910,127.1328,37.5439,1,지진실내구호소
1357,서울특별시,강동구,천호중학교 운동장,서울특별시 강동구 상암로 153(천호동),2990,127.1399,37.5463,1,지진실내구호소
1358,서울특별시,강동구,천호초등학교 운동장,서울특별시 강동구 구천면로 310-11 (천호동),1850,127.1362,37.547,1,지진실내구호소
1359,서울특별시,강동구,강동중학교 운동장,서울특별시 강동구 풍산로 237(강일동),4044,127.1779,37.5693,1,지진실내구호소
1360,서울특별시,강동구,강명중학교 운동장,서울특별시 강동구 상일로12길 56(상일동),3213,127.1751,37.5551,1,지진실내구호소
1361,서울특별시,강동구,강일고등학교 운동장,서울특별시 강동구 아리수로98길 40(강일동),4274,127.178,37.5634,1,지진실내구호소
1362,서울특별시,강동구,강일초등학교 운동장,서울특별시 강동구 아리수로98길 24(강일동),4011,127.1773,37.5647,1,지진실내구호소
1363,서울특별시,강남구,한솔근린공원,서울특별시 강남구 일원동 732,12878,127.079,37.4813,1,지진실내구호소
1364,서울특별시,강남구,대모초등학교 운동장,서울특별시 강남구 일원동 736,4840,127.086,37.481,1,지진실내구호소
1365,서울특별시,강남구,대청초등학교 운동장,서울특별시 강남구 양재대로55길 28(일원동),6357,127.0879,37.4927,1,지진실내구호소
1366,서울특별시,강남구,로봇고등학교 운동장,서울특별시 강남구 광평로20길 63(일원동),8640,127.0842,37.4804,1,지진실내구호소
1367,서울특별시,강남구,영희초등학교 운동장,서울특별시 강남구 일원로 21(일원동),10545,127.0812,37.4918,1,지진실내구호소
1368,서울특별시,강남구,일원초등학교 운동장,서울특별시 강남구 영동대로4길 20(일원동),6881,127.0764,37.4893,1,지진실내구호소
1369,서울특별시,강남구,중동고등학교 운동장,서울특별시 강남구 일원동 618,10419,127.0809,37.4927,1,지진실내구호소
1370,서울특별시,강남구,중동중학교 운동장,서울특별시 강남구 일원로8길 37(일원동),4641,127.0777,37.4888,1,지진실내구호소
1371,서울특별시,강남구,중산고등학교 운동장,서울특별시 강남구 일원로14길 22(일원동),10763,127.0805,37.4853,1,지진실내구호소
1372,서울특별시,강남구,탄천어울림공원,서울특별시 강남구 수서동 722,10011,127.1065,37.4876,1,지진실내구호소
1373,서울특별시,강남구,대왕중학교 운동장,서울특별시 강남구 광평로20길 7(수서동),9069,127.0873,37.483,1,지진실내구호소
1374,서울특별시,강남구,대진디자인고등학교 운동장,서울특별시 강남구 광평로39길 93(수서동),2952,127.0962,37.4907,1,지진실내구호소
1375,서울특별시,강남구,세종고등학교 운동장,서울특별시 강남구 광평로51길 36(수서동),10500,127.1026,37.4899,1,지진실내구호소
1376,서울특별시,강남구,수서중학교 운동장,서울특별시 강남구 광평로59길 57(수서동),2728,127.1026,37.4907,1,지진실내구호소
1377,서울특별시,강남구,수서초등학교 운동장,서울특별시 강남구 수서동 709,7774,127.1017,37.4906,1,지진실내구호소
1378,서울특별시,강남구,왕북초등학교 운동장,서울특별시 강남구 광평로31길 74(수서동),3074,127.0867,37.486,1,지진실내구호소
1379,서울특별시,강남구,도곡목련공원,서울특별시 강남구 도곡동 415-3,1709,127.0443,37.4849,1,지진실내구호소
1380,서울특별시,강남구,독골공원(개포근린공원),서울특별시 강남구 남부순환로378길 29(도곡동),10023,127.0469,37.4851,1,지진실내구호소
1381,서울특별시,강남구,대도초등학교 운동장,서울특별시 강남구 선릉로 209(도곡동),6852,127.0537,37.4925,1,지진실내구호소
1382,서울특별시,강남구,대치중학교 운동장,서울특별시 강남구 남부순환로378길 39(도곡동),5587,127.0478,37.484,1,지진실내구호소
1383,서울특별시,강남구,도곡중학교 운동장,서울특별시 강남구 언주로57길 31(도곡동),3200,127.0449,37.4926,1,지진실내구호소
1384,서울특별시,강남구,숙명여자고등학교 운동장,서울특별시 강남구 남부순환로 2807(도곡동),13170,127.054,37.4915,1,지진실내구호소
1385,서울특별시,강남구,언주초등학교 운동장,서울특별시 강남구 도곡동 922,9078,127.0375,37.4868,1,지진실내구호소
1386,서울특별시,강남구,은성중학교 운동장(은광여자고등학교운동장),서울특별시 강남구 남부순환로359길 36(도곡동),16544,127.0363,37.4872,1,지진실내구호소
1387,서울특별시,강남구,중대부속고등학교 운동장,서울특별시 강남구 선릉로 207(도곡동),9107,127.0519,37.4924,1,지진실내구호소
1388,서울특별시,송파구,아시아공원,서울특별시 송파구 올림픽로 44(잠실동),65818,127.0778,37.5102,1,지진실내구호소
1389,서울특별시,송파구,버들초등학교 운동장,서울특별시 송파구 석촌호수로 81(잠실동),960,127.089,37.51,1,지진실내구호소
1390,서울특별시,송파구,송전초등학교 운동장,서울특별시 송파구 석촌호수로 159(잠실동),2260,127.0945,37.5083,1,지진실내구호소
1391,서울특별시,송파구,신천중학교 운동장,서울특별시 송파구 백제고분로 11(잠실동),4819,127.0784,37.5159,1,지진실내구호소
1392,서울특별시,송파구,신천초등학교 운동장,서울특별시 송파구 올림픽로 215(잠실동),5750,127.0951,37.5135,1,지진실내구호소
1393,서울특별시,송파구,아주중학교 운동장,서울특별시 송파구 올림픽로4길 69(잠실동),7279,127.0759,37.5048,1,지진실내구호소
1394,서울특별시,송파구,아주초등학교 운동장,서울특별시 송파구 올림픽로4길 59(잠실동),6938,127.0755,37.5055,1,지진실내구호소
1395,서울특별시,송파구,영동일고등학교 운동장,서울특별시 송파구 석촌호수로 93(잠실동),1970,127.0893,37.5096,1,지진실내구호소
1396,서울특별시,송파구,잠신고등학교 운동장,서울특별시 송파구 잠실로 24(잠실동),4969,127.0892,37.5151,1,지진실내구호소
1397,서울특별시,송파구,잠신중학교 운동장,서울특별시 송파구 잠실로 12(잠실동),6770,127.0878,37.5157,1,지진실내구호소
1398,서울특별시,송파구,잠신초등학교 운동장,서울특별시 송파구 잠실로 32(잠실동),2800,127.0884,37.5138,1,지진실내구호소
1399,서울특별시,송파구,잠일고등학교 운동장,서울특별시 송파구 백제고분로 21(잠실동),1532,127.0823,37.5141,1,지진실내구호소
1400,서울특별시,송파구,잠일초등학교 운동장,서울특별시 송파구 올림픽로 95(잠실동),2146,127.0811,37.5146,1,지진실내구호소
1401,서울특별시,송파구,잠전초등학교 운동장,서울특별시 송파구 올림픽로12길 51(잠실동),4926,127.0841,37.5066,1,지진실내구호소
1402,서울특별시,송파구,정신여자고등학교운동장,서울특별시 송파구 올림픽로4길 16(잠실동),10092,127.0722,37.5099,1,지진실내구호소
1403,서울특별시,송파구,정신여자중학교 운동장,서울특별시 송파구 올림픽로4길 16(잠실동),10092,127.0721,37.5099,1,지진실내구호소
1404,서울특별시,송파구,잠동초등학교 운동장,서울특별시 송파구 올림픽로35길 122(신천동),2947,127.1001,37.5179,1,지진실내구호소
1405,서울특별시,송파구,잠실고등학교 운동장,서울특별시 송파구 올림픽로33길 71(신천동),4778,127.1061,37.5222,1,지진실내구호소
1406,서울특별시,송파구,잠실중학교 운동장,서울특별시 송파구 올림픽로35길 130(신천동),6556,127.0994,37.5171,1,지진실내구호소
1407,서울특별시,송파구,잠실초등학교 운동장,서울특별시 송파구 올림픽로35길 20(신천동),1785,127.111,37.5199,1,지진실내구호소
1408,서울특별시,송파구,잠현초등학교 운동장,서울특별시 송파구 올림픽로37길 109(신천동),1574,127.1048,37.522,1,지진실내구호소
1409,서울특별시,송파구,영파여자고등학교 운동장,서울특별시 송파구 올림픽로 565(풍납동),5385,127.1203,37.5325,1,지진실내구호소
1410,서울특별시,송파구,영파여자중학교운동장,서울특별시 송파구 올림픽로 565(풍납동),5385,127.1203,37.5326,1,지진실내구호소
1411,서울특별시,송파구,토성초등학교 운동장,서울특별시 송파구 풍성로20길 44(풍납동),3456,127.1151,37.5318,1,지진실내구호소
1412,서울특별시,송파구,풍납중학교 운동장,서울특별시 송파구 올림픽로43길 20(풍납동),4070,127.1163,37.5253,1,지진실내구호소
1413,서울특별시,송파구,풍납초등학교 운동장,서울특별시 송파구 풍성로 43(풍납동),5900,127.1179,37.5347,1,지진실내구호소
1414,서울특별시,송파구,풍성중학교 운동장,서울특별시 송파구 강동대로2길 27(풍납동),7260,127.1124,37.5253,1,지진실내구호소
1415,서울특별시,송파구,풍성초등학교 운동장,서울특별시 송파구 강동대로2길 27(풍납동),6240,127.1131,37.5259,1,지진실내구호소
1416,서울특별시,송파구,가락고등학교 운동장,서울특별시 송파구 송이로 42(송파동),5478,127.1172,37.501,1,지진실내구호소
1417,서울특별시,송파구,가락중학교 운동장,서울특별시 송파구 송이로 45(송파동),6944,127.1182,37.5021,1,지진실내구호소
1418,서울특별시,송파구,송파초등학교 운동장,서울특별시 송파구 백제고분로 400(송파동),5547,127.1106,37.507,1,지진실내구호소
1419,서울특별시,송파구,일신여자상업고등학교운동장,서울특별시 송파구 송파대로38길 8(송파동),13369,127.1139,37.5012,1,지진실내구호소
1420,서울특별시,송파구,일신여자중학교 운동장,서울특별시 송파구 송파대로38길 8(송파동),13369,127.1136,37.501,1,지진실내구호소
1421,서울특별시,송파구,잠실여자고등학교 운동장,서울특별시 송파구 송파대로38길 8(송파동),13369,127.1132,37.5018,1,지진실내구호소
1422,서울특별시,송파구,중대초등학교 운동장,서울특별시 송파구 송파대로36길 8(송파동),5100,127.1142,37.5005,1,지진실내구호소
1423,서울특별시,송파구,석촌초등학교 운동장,서울특별시 송파구 가락로11길 26(석촌동),4600,127.1046,37.5025,1,지진실내구호소
1424,서울특별시,송파구,배명고등학교운동장,서울특별시 송파구 삼학사로 11(삼전동),4006,127.0958,37.4983,1,지진실내구호소
1425,서울특별시,송파구,배명중학교 운동장,서울특별시 송파구 삼학사로 11(삼전동),4006,127.0959,37.4983,1,지진실내구호소
1426,서울특별시,송파구,삼전초등학교 운동장,서울특별시 송파구 백제고분로28길 19(삼전동),3645,127.0926,37.5013,1,지진실내구호소
1427,서울특별시,송파구,개롱공원,서울특별시 송파구 동남로 178(가락동),19800,127.1307,37.4936,1,지진실내구호소
1428,서울특별시,송파구,가동초등학교 운동장,서울특별시 송파구 중대로20길 47(가락동),5250,127.1303,37.497,1,지진실내구호소
1429,서울특별시,송파구,가원중학교 운동장,서울특별시 송파구 중대로10길 40-18 (가락동),2224,127.1224,37.4907,1,지진실내구호소
1430,서울특별시,송파구,가주초등학교 운동장,서울특별시 송파구 오금로40길 37(가락동),3103,127.1286,37.4966,1,지진실내구호소
1431,서울특별시,송파구,석촌중학교 운동장,서울특별시 송파구 송이로15길 13(가락동),7303,127.1212,37.5006,1,지진실내구호소
1432,서울특별시,송파구,송파중학교 운동장,서울특별시 송파구 동남로 203(가락동),6246,127.1297,37.4955,1,지진실내구호소
1433,서울특별시,송파구,신가초등학교 운동장,서울특별시 송파구 송이로 75(가락동),5768,127.12,37.4999,1,지진실내구호소
1434,서울특별시,송파구,평화초등학교 운동장,서울특별시 송파구 송파대로26길 22(가락동),8136,127.1221,37.4912,1,지진실내구호소
1435,서울특별시,송파구,가원초등학교 운동장,서울특별시 송파구 중대로4길 8(문정동),3763,127.1114,37.489,1,지진실내구호소
1436,서울특별시,송파구,문덕초등학교 운동장,서울특별시 송파구 송이로34길 60(문정동),1714,127.1274,37.4849,1,지진실내구호소
1437,서울특별시,송파구,문정고등학교 운동장,서울특별시 송파구 송이로34길 62(문정동),3581,127.1274,37.4855,1,지진실내구호소
1438,서울특별시,송파구,문정중학교 운동장,서울특별시 송파구 문정로 73(문정동),4848,127.1295,37.488,1,지진실내구호소
1439,서울특별시,송파구,문정초등학교 운동장,서울특별시 송파구 문정로5길 20(문정동),6230,127.1286,37.4888,1,지진실내구호소
1440,서울특별시,송파구,문현고등학교 운동장,서울특별시 송파구 충민로 115(장지동),2157,127.1289,37.4808,1,지진실내구호소
1441,서울특별시,송파구,문현중학교 운동장,서울특별시 송파구 충민로 99(장지동),2478,127.1277,37.4802,1,지진실내구호소
1442,서울특별시,송파구,문현초등학교 운동장,서울특별시 송파구 충민로 137(장지동),2113,127.1304,37.4824,1,지진실내구호소
1443,서울특별시,송파구,송례중학교 운동장,서울특별시 송파구 위례순환로 429(장지동),2220,127.1396,37.4773,1,지진실내구호소
1444,서울특별시,송파구,송례초등학교 운동장,서울특별시 송파구 위례순환로 439(장지동),1760,127.1383,37.4773,1,지진실내구호소
1445,서울특별시,송파구,위례별초등학교 운동장,서울특별시 송파구 위례광장로 243(장지동),1873,127.1451,37.4785,1,지진실내구호소
1446,서울특별시,송파구,올림픽공원,서울특별시 송파구 올림픽로 424(방이동),37270,127.116,37.5213,1,지진실내구호소
1447,서울특별시,송파구,방산고등학교 운동장,서울특별시 송파구 오금로27길 18(방이동),3717,127.1211,37.5081,1,지진실내구호소
1448,서울특별시,송파구,방산중학교 운동장,서울특별시 송파구 오금로29길 31(방이동),6510,127.1216,37.5089,1,지진실내구호소
1449,서울특별시,송파구,방산초등학교 운동장,서울특별시 송파구 오금로27길 42(방이동),6510,127.1208,37.5092,1,지진실내구호소
1450,서울특별시,송파구,방이중학교 운동장,서울특별시 송파구 오금로11길 64(방이동),4985,127.1129,37.5143,1,지진실내구호소
1451,서울특별시,송파구,방이초등학교 운동장,서울특별시 송파구 위례성대로10길 4(방이동),5921,127.1209,37.5133,1,지진실내구호소
1452,서울특별시,송파구,보성고등학교 운동장,서울특별시 송파구 양재대로 1278(방이동),8119,127.134,37.5196,1,지진실내구호소
1453,서울특별시,송파구,보성중학교운동장,서울특별시 송파구 양재대로 1278(방이동),8119,127.1338,37.5195,1,지진실내구호소
1454,서울특별시,송파구,서울체육고등학교 운동장,서울특별시 송파구 강동대로 232(방이동),6447,127.1286,37.5223,1,지진실내구호소
1455,서울특별시,송파구,서울체육중학교운동장,서울특별시 송파구 강동대로 232(방이동),6447,127.1287,37.5222,1,지진실내구호소
1456,서울특별시,송파구,세륜초등학교 운동장,서울특별시 송파구 양재대로 1264(방이동),4193,127.1335,37.5186,1,지진실내구호소
1457,서울특별시,송파구,오륜중학교 운동장,서울특별시 송파구 양재대로 1242(방이동),2650,127.1386,37.5157,1,지진실내구호소
1458,서울특별시,송파구,오륜초등학교 운동장,서울특별시 송파구 양재대로 1196(방이동),5364,127.1344,37.512,1,지진실내구호소
1459,서울특별시,송파구,창덕여자고등학교 운동장,서울특별시 송파구 양재대로 1240(방이동),8845,127.1398,37.5155,1,지진실내구호소
1460,서울특별시,송파구,한국체육대학교 운동장,서울특별시 송파구 양재대로 1239(방이동),19800,127.1309,37.5192,1,지진실내구호소
1461,서울특별시,송파구,오금공원,서울특별시 송파구 오금로 363(오금동),219167,127.1316,37.5008,1,지진실내구호소
1462,서울특별시,송파구,개롱초등학교 운동장,서울특별시 송파구 문정로 211(오금동),2441,127.1395,37.4969,1,지진실내구호소
1463,서울특별시,송파구,거여초등학교 운동장,서울특별시 송파구 마천로25길 18(오금동),2100,127.1408,37.5045,1,지진실내구호소
1464,서울특별시,송파구,보인고등학교운동장,서울특별시 송파구 오금로49길 18(오금동),7343,127.1384,37.4976,1,지진실내구호소
1465,서울특별시,송파구,보인중학교 운동장,서울특별시 송파구 오금로49길 18(오금동),7343,127.1381,37.4977,1,지진실내구호소
1466,서울특별시,송파구,세륜중학교 운동장,서울특별시 송파구 양재대로72길 41(오금동),2558,127.1314,37.5084,1,지진실내구호소
1467,서울특별시,송파구,오금고등학교 운동장,서울특별시 송파구 중대로 247(오금동),9264,127.1292,37.5041,1,지진실내구호소
1468,서울특별시,송파구,오금중학교 운동장,서울특별시 송파구 오금로35길 20(오금동),8171,127.1283,37.5049,1,지진실내구호소
1469,서울특별시,송파구,오금초등학교 운동장,서울특별시 송파구 위례성대로22길 11(오금동),2850,127.1319,37.509,1,지진실내구호소
1470,서울특별시,송파구,오주중학교 운동장,서울특별시 송파구 동남로 281(오금동),5160,127.1362,37.501,1,지진실내구호소
1471,서울특별시,송파구,거원중학교 운동장,서울특별시 송파구 양산로2길 30(거여동),5142,127.1461,37.4876,1,지진실내구호소
1472,서울특별시,송파구,거원초등학교 운동장,서울특별시 송파구 양산로2길 26(거여동),5142,127.1452,37.4878,1,지진실내구호소
1473,서울특별시,송파구,서울인공지능고등학교 운동장,서울특별시 송파구 양산로 21(거여동),4405,127.1428,37.4913,1,지진실내구호소
1474,서울특별시,송파구,영풍초등학교 운동장,서울특별시 송파구 오금로57길 15(거여동),3025,127.1428,37.4958,1,지진실내구호소
1475,서울특별시,송파구,천마공원,서울특별시 송파구 성내천로33가길 20(마천동),7311,127.1586,37.5004,1,지진실내구호소
1476,서울특별시,송파구,남천초등학교 운동장,서울특별시 송파구 성내천로 207(마천동),2259,127.1509,37.501,1,지진실내구호소
1477,서울특별시,송파구,마천초등학교 운동장,서울특별시 송파구 마천로61다길 24(마천동),3600,127.1522,37.4953,1,지진실내구호소
1478,서울특별시,강동구,고명초등학교 운동장,서울특별시 강동구 고덕로46길 53(명일동),3045,127.1468,37.5526,1,지진실내구호소
1479,서울특별시,강동구,대명초등학교 운동장,서울특별시 강동구 상암로 271(명일동),5550,127.1532,37.5471,1,지진실내구호소
1480,서울특별시,강동구,명원초등학교 운동장,서울특별시 강동구 명일동 39-0,6580,127.1503,37.5508,1,지진실내구호소
1481,서울특별시,강동구,명일여자고등학교 운동장,서울특별시 강동구 명일로 350(명일동),5221,127.1502,37.5495,1,지진실내구호소
1482,서울특별시,강동구,두레근린공원,서울특별시 강동구 고덕동 497-0,13549,127.1522,37.5579,1,지진실내구호소
1483,서울특별시,강동구,동명근린공원 축구장,서울특별시 강동구 고덕동 229-0,5000,127.1649,37.5617,1,지진실내구호소
1484,서울특별시,강동구,고덕중학교 운동장,서울특별시 강동구 동남로82길 94(고덕동),4000,127.1613,37.5598,1,지진실내구호소
1485,서울특별시,강동구,고덕초등학교 운동장,서울특별시 강동구 아리수로82길 42(고덕동),2500,127.1665,37.5606,1,지진실내구호소
1486,서울특별시,강동구,광문고등학교 운동장,서울특별시 강동구 동남로 968(고덕동),3000,127.1578,37.5599,1,지진실내구호소
1487,서울특별시,강동구,명덕초등학교 운동장,서울특별시 강동구 양재대로156길 11(고덕동),3460,127.1454,37.5569,1,지진실내구호소
1488,서울특별시,강동구,묘곡초등학교 운동장,서울특별시 강동구 동남로79길 46(고덕동),15334,127.1533,37.5581,1,지진실내구호소
1489,서울특별시,강동구,배재고등학교 운동장,서울특별시 강동구 고덕동 313-0,15000,127.1519,37.5554,1,지진실내구호소
1490,서울특별시,강동구,서울컨벤션고등학교 운동장,서울특별시 강동구 동남로 964(고덕동),300,127.1576,37.5593,1,지진실내구호소
1491,서울특별시,강동구,명일공원(상일동산),서울특별시 강동구 상일동 184-0,215706,127.1655,37.549,1,지진실내구호소
1492,서울특별시,강동구,강동아트센터(잔디광장),서울특별시 강동구 동남로 870(상일동),2300,127.1574,37.5513,1,지진실내구호소
1493,서울특별시,강동구,강동고등학교 운동장,서울특별시 강동구 구천면로 572(상일동),4560,127.161,37.5502,1,지진실내구호소
1494,서울특별시,강동구,강명초등학교 운동장,서울특별시 강동구 상일로 74-1 (상일동),2747,127.1734,37.5542,1,지진실내구호소
1495,서울특별시,강동구,상일여자고등학교 운동장,서울특별시 강동구 상일동 189-0,5400,127.1701,37.549,1,지진실내구호소
1496,서울특별시,강동구,상일초등학교 운동장,서울특별시 강동구 천호대로 1477(상일동),2180,127.1723,37.5469,1,지진실내구호소
1497,서울특별시,강동구,한영고등학교 운동장,서울특별시 강동구 동남로 832(상일동),5380,127.1573,37.5488,1,지진실내구호소
1498,서울특별시,강동구,길동초등학교 운동장,서울특별시 강동구 양재대로116길 69(길동),4120,127.1446,37.5381,1,지진실내구호소
1499,서울특별시,강동구,신명중학교 운동장,서울특별시 강동구 명일로24길 33(길동),2904,127.1494,37.5421,1,지진실내구호소
1500,서울특별시,강동구,신명초등학교 운동장,서울특별시 강동구 명일로24길 33(길동),3075,127.1493,37.5411,1,지진실내구호소
1501,서울특별시,강동구,천동초등학교 운동장,서울특별시 강동구 성안로 200(길동),1567,127.1375,37.5405,1,지진실내구호소
1502,서울특별시,강동구,일자산 그린웨이캠핑장,서울특별시 강동구 천호대로206길 87(둔촌동),13000,127.1546,37.5362,1,지진실내구호소
1503,서울특별시,강동구,일자산공원 중앙광장,서울특별시 강동구 동남로 660(둔촌동),4628,127.1508,37.5323,1,지진실내구호소
1504,서울특별시,강서구,서울항공비즈니스고등학교 운동장,서울특별시 강서구 방화대로34길 13(마곡동),1960,126.8174,37.5697,1,지진실내구호소
1505,서울특별시,강서구,발산근린공원,서울특별시 강서구 마곡중앙로 11(내발산동),17826,126.8254,37.5545,1,지진실내구호소
1506,서울특별시,강서구,발음어린이공원,서울특별시 강서구 강서로47길 61-21 (내발산동),914,126.8331,37.5522,1,지진실내구호소
1507,서울특별시,강서구,신광명공원,서울특별시 강서구 내발산동 761,8597,126.8229,37.5473,1,지진실내구호소
1508,서울특별시,강서구,가곡초등학교운동장,서울특별시 강서구 내발산동 153-7,1650,126.8358,37.5553,1,지진실내구호소
1509,서울특별시,강서구,내발산초등학교운동장,서울특별시 강서구 내발산동 707,2256,126.8378,37.5512,1,지진실내구호소
1510,서울특별시,강서구,덕원중학교 운동장,서울특별시 강서구 강서로45길 91-44 (내발산동),1485,126.8289,37.5499,1,지진실내구호소
1511,서울특별시,강서구,명덕여자고등학교 운동장,서울특별시 강서구 강서로47길 34-10 (내발산동),6399,126.8343,37.5545,1,지진실내구호소
1512,서울특별시,강서구,발산초등학교운동장,서울특별시 강서구 내발산동 408,9714,126.831,37.5496,1,지진실내구호소
1513,서울특별시,강서구,수명중학교 운동장,서울특별시 강서구 수명로2길 16(내발산동),1255,126.8238,37.5491,1,지진실내구호소
1514,서울특별시,강서구,화곡보건경영고등학교 운동장,서울특별시 강서구 강서로45길 70(내발산동),3027,126.8329,37.5486,1,지진실내구호소
1515,서울특별시,강서구,다솔어린이공원,서울특별시 강서구 공항동 1361,1000,126.8183,37.5546,1,지진실내구호소
1516,서울특별시,강서구,장미공원,서울특별시 강서구 방화대로7다길 35-18 (공항동),500,126.8138,37.5566,1,지진실내구호소
1517,서울특별시,강서구,활주로상상어린이공원,서울특별시 강서구 공항동 1341,500,126.8159,37.5544,1,지진실내구호소
1518,서울특별시,강서구,공항중학교 운동장,서울특별시 강서구 방화대로 241(공항동),3294,126.815,37.5624,1,지진실내구호소
1519,서울특별시,강서구,송정중학교 운동장,서울특별시 강서구 공항동 768-1,4400,126.8155,37.5537,1,지진실내구호소
1520,서울특별시,강서구,송정초등학교 운동장,서울특별시 강서구 공항대로3길 18(공항동),8300,126.8108,37.562,1,지진실내구호소
1521,서울특별시,강서구,도레미공원,서울특별시 강서구 방화동 184-66,6002,126.8192,37.5716,1,지진실내구호소
1522,서울특별시,강서구,마곡나루근린공원,서울특별시 강서구 방화동 211-8,11447,126.8219,37.5664,1,지진실내구호소
1523,서울특별시,강서구,민들레공원,서울특별시 강서구 방화동 648-13,564,126.8067,37.5672,1,지진실내구호소
1524,서울특별시,강서구,방화근린공원,서울특별시 강서구 금낭화로 176(방화동),45735,126.8141,37.5814,1,지진실내구호소
1525,서울특별시,강서구,새싹어린이공원,서울특별시 강서구 방화동 583,3582,126.8093,37.5697,1,지진실내구호소
1526,서울특별시,강서구,쌈지어린이공원,서울특별시 강서구 방화동 266-24,2875,126.815,37.5712,1,지진실내구호소
1527,서울특별시,강서구,강서공업고등학교 운동장,서울특별시 강서구 방화대로47길 9(방화동),1748,126.8156,37.5754,1,지진실내구호소
1528,서울특별시,강서구,방원중학교운동장,서울특별시 강서구 방화동 808,4889,126.8088,37.5757,1,지진실내구호소
1529,서울특별시,강서구,방화중학교 운동장,서울특별시 강서구 개화동로27길 9(방화동),3030,126.8067,37.5647,1,지진실내구호소
1530,서울특별시,강서구,삼정중학교운동장,서울특별시 강서구 방화동 856,6230,126.8107,37.5812,1,지진실내구호소
1531,서울특별시,강서구,삼정초등학교운동장,서울특별시 강서구 방화동 798,5660,126.8102,37.5799,1,지진실내구호소
1532,서울특별시,강서구,서울방화초등학교 운동장,서울특별시 강서구 양천로6길 92(방화동),2145,126.8068,37.5684,1,지진실내구호소
1533,서울특별시,강서구,서울정곡초등학교 운동장,서울특별시 강서구 방화대로50길 22(방화동),1912,126.8189,37.5764,1,지진실내구호소
1534,서울특별시,강서구,송화초등학교 운동장,서울특별시 강서구 방화대로34길 2(마곡동),5518,126.8174,37.568,1,지진실내구호소
1535,서울특별시,강서구,치현초등학교운동장,서울특별시 강서구 방화동 833,4886,126.8145,37.5756,1,지진실내구호소
1536,서울특별시,강서구,한서고등학교 운동장,서울특별시 강서구 양천로11길 47(방화동),2551,126.8084,37.5744,1,지진실내구호소
1537,서울특별시,강서구,내촌어린이공원,서울특별시 강서구 개화동 551-26,1091,126.8013,37.5775,1,지진실내구호소
1538,서울특별시,강서구,신대부석공원,서울특별시 강서구 개화동 411,714,126.7988,37.5828,1,지진실내구호소
1539,서울특별시,구로구,신도림고등학교운동장,서울특별시 구로구 신도림동 270-2,2115,126.8813,37.5137,1,지진실내구호소
1540,서울특별시,구로구,신도림중학교운동장,서울특별시 구로구 경인로63길 74(신도림동),4476,126.8852,37.5102,1,지진실내구호소
1541,서울특별시,구로구,신도림초등학교운동장,서울특별시 구로구 신도림로19길 44(신도림동),2116,126.8824,37.5122,1,지진실내구호소
1542,서울특별시,구로구,신미림초등학교운동장,서울특별시 구로구 신도림로 18(신도림동),2104,126.8795,37.5064,1,지진실내구호소
1543,서울특별시,구로구,구로근린공원,서울특별시 구로구 구로동 102-0,1853,126.8896,37.4967,1,지진실내구호소
1544,서울특별시,구로구,삼각(어린이)공원,서울특별시 구로구 구로동 47,1205,126.892,37.5014,1,지진실내구호소
1545,서울특별시,구로구,화원어린이공원,서울특별시 구로구 구로동 478-1,3759,126.8802,37.4977,1,지진실내구호소
1546,서울특별시,구로구,구로구시설관리공단,서울특별시 구로구 구로동로26길 54(구로동),1574,126.8869,37.4897,1,지진실내구호소
1547,서울특별시,구로구,구로고등학교운동장,서울특별시 구로구 구로동 105-1,4854,126.89,37.4983,1,지진실내구호소
1548,서울특별시,구로구,구로남초등학교운동장,서울특별시 구로구 구로동 253-0,3934,126.8909,37.4846,1,지진실내구호소
1549,서울특별시,구로구,구로중학교운동장,서울특별시 구로구 구로동 90,5715,126.8907,37.4943,1,지진실내구호소
1550,서울특별시,구로구,구로초등학교운동장,서울특별시 구로구 구로동 443,3657,126.886,37.4968,1,지진실내구호소
1551,서울특별시,구로구,구일고등학교운동장,서울특별시 구로구 구일로 90-51 (구로동),4618,126.874,37.4938,1,지진실내구호소
